-9,494981125704538	8,102097523523295	S2III
22,71248552308241	-15,117053024413352	G6I
-6,467875000259058	7,792585084639887	L6VI
-9,428613373309265	6,412722972181652	J8VI
-6,193451407479679	6,022852227447381	S8I
-6,747571495212868	6,125764249956856	L5I
23,467396618231508	-14,266529598348411	S4VII
-18,72189519131597	1,4644543355796598	L7VII
-19,935162865951714	2,2393132206782065	L8VII
-8,757280872142157	6,730631804776177	G4I
-19,002492852056793	1,0528025960889915	S6II
-19,82737842336196	1,0809199353633543	J5V
-9,380176316408145	7,255914429606345	Z5I
-8,404941540150915	6,087821046635234	G2VII
-8,836796083764233	7,008359902001604	Y9I
-20,086129528776272	1,8121854867983875	L3IV
-8,597296694639804	6,7358798712934815	S9III
23,328744530575115	-15,256804538339708	L8V
-6,70594547254516	7,87183455500649	N4I
-21,263190206068707	1,786872755290853	L7I
-8,383442183991907	6,249186464369379	L3VI
-7,678060598364413	7,192193922703717	Y5IV
-22,317490016513858	0,6380621033014058	S7III
-9,64019371437397	7,421305233203211	Y8IV
-8,510956679203487	7,727937548966174	S6VI
-21,846251839705793	-0,2789333991972508	L2VI
-18,73948138572795	1,246024453356775	G9V
-8,483971599084496	6,188764446027455	Z5III
-10,519453452763097	6,583858514174578	G9VII
-18,800264024871502	0,710659189822445	Y1V
-10,693318948488942	7,807644215140231	S3II
-20,82724157900773	0,6531120331620335	Y6V
-9,720459971548667	7,348790602091727	G8III
-20,708184677814437	2,4412518495386477	Y3VI
-9,857511063705928	6,835438689400895	G5III
-7,425134324726434	5,797358236916097	G2III
-7,03125533822975	8,256293654671708	S4V
-7,116111741398374	7,167765766724828	Z7VI
-7,611601831571407	8,049497450640342	N6VII
-8,202252071027852	8,041915248618741	N8VI
-21,95472883432915	2,256287041426689	S7IV
-8,93056908958193	6,111849092426158	J9VII
21,527252618230307	-13,891198935566864	Y2I
-8,3493454108502	6,169567596920202	L6IV
-19,943639675598273	0,22844417721354204	S1III
-8,46713938360378	7,829226153058669	Y3IV
21,552426730504965	-13,723586217114581	N2V
-9,393102579442179	6,227949889186205	N9V
-18,491656872178307	0,5116549637968297	J4I
-9,667628115641861	8,215991747250238	G3VI
-8,603580141240732	6,98614418670055	L3I
-6,734418588358932	6,742839730902987	S3II
-10,405956883913955	7,234445312708964	S3I
22,138534400780596	-15,230824472013937	L9IV
21,944392514175092	-14,358730583441334	Z3I
-9,352626885152109	6,253343690018796	G9V
-9,46807655571682	7,365952305444099	N2IV
-21,92641363526839	-0,15830299835585177	Z3VI
21,011566324012446	-15,144622849247257	G1II
-8,92820413377368	6,2995089776384425	S2II
-19,125349668601057	-0,47674529052881354	J1IV
-7,713392609656941	6,363755130664624	J8V
-7,989982659984882	6,929882987403719	G3IV
-10,78483920177267	8,240044703385509	S3III
-7,114146815655561	6,138358748976455	Z9II
-8,097815982284644	6,59782436272093	L5I
-9,322255520600123	7,093060381498285	N9I
-21,50153584828289	1,3671047442266155	Y6VI
-8,935193408407157	5,961849378311641	G8VII
-7,349388267913957	5,727930376921417	L2III
-18,966558776865433	0,043426331714414124	J6VII
-22,290911845868038	2,3201370254470417	S8IV
-8,405295380957753	6,729222255653801	L5VI
-6,017447126712531	7,498214500006677	G1IV
22,5309404812295	-14,723489968969075	J4III
-8,593672249675707	7,030592013725172	S9II
-9,446363524305637	7,706229270765037	S8I
-7,263755207783374	8,261326314482012	L2VI
-18,626582632208386	0,9509999393245256	S4VII
20,879679871028717	-14,528956172705934	G2III
-20,520821372572073	-0,20389422972969212	L7I
-22,07587671178169	1,4345223181031173	N8VI
-18,527913008962585	0,25946485415286014	Z2V
-19,712937976692633	1,839125377489961	Z5I
-22,587198307375278	-0,3832397909983496	G4IV
-10,27384987643647	7,625492394118591	Y1VI
-10,38900974807776	6,718194837449226	Y7III
-7,054840641874286	7,729498069958991	G8V
-21,132855156818287	1,7898946436320047	Y2V
-9,888741717379203	6,8183250132641415	G1IV
-9,669310770800164	7,62214681622122	Z7V
-7,0266979163740215	6,465970599119919	S9IV
-10,309987237398298	6,342841734422901	Z2II
-19,592036635482597	0,00911853273365082	S7V
-9,51314583769949	6,874420071439602	N9I
-9,362480877553594	7,659041894743286	Z4III
-6,227580856499178	7,39426069775849	N2VI
-10,39344233988821	6,231877240765929	J5V
-9,944102338429966	6,886440891211864	Z3II
-10,781043672898774	6,391670706862479	N8I
-7,78185768017084	7,8875562724523585	N7I
20,41216305113327	-14,070906609950006	J4I
-9,4508620899241	7,678593181610709	Y4I
-6,580971765151871	8,066248847257551	N1III
-10,619764264867793	7,949388915669901	N1I
-9,736936197003848	5,852977662903338	S7II
21,64019793342263	-15,542855261780792	J5VII
-22,78839756521899	1,0306117082382233	S6V
-20,14322688731636	-0,18286452445892343	Y4VI
-8,496894766306905	6,498707683361509	Y5I
-8,180614411770918	8,132289663011123	J3VI
-21,67681846323666	2,1957183407930483	J3V
-9,617217112823587	7,203261355678148	Y4V
-9,305341956472178	7,587463192389957	L1II
-9,42570743482542	7,768278115115173	Z1V
-7,062984699087249	7,966265444088277	N9I
-21,50633523004991	2,0667471100118195	S5VII
-9,669893640107505	6,240504733646377	J5VII
21,159662648254145	-14,705117439393355	N3VI
20,482654786246957	-13,737223401914108	G5II
-6,33428960794685	5,746868647057974	S1II
-22,37199598765924	0,6187653054078619	J3VII
-6,052040979250457	6,072434847960684	Y8VII
-22,130098515412868	0,6481079117223891	L4II
-22,777617247093005	0,029416179815233368	J8V
-9,156973133900973	7,834363450821195	Z9IV
-10,45787057249742	7,566755553236915	J5VII
-20,068032450226987	0,6164001171361677	S9III
-18,724444944578003	0,7157504741909786	S6II
-21,96151227728914	0,6981501629053202	Z5I
-8,268923539786083	6,547747683620075	Z2V
-10,664556767856409	6,924188641539464	Y5III
-5,89603278430037	8,017986348011663	L6I
-19,16389052002351	0,21862094510514396	Y5III
-9,345581009987159	6,098845299400805	S6V
-10,131679614561028	7,369269510317777	S9I
-7,470404112620534	6,367921394095251	J6IV
-22,567584361019776	0,6223900906681223	S4VII
-18,958084711323554	0,13036437864422945	L8VI
23,195694127015734	-13,584234609617905	G8II
-9,57823570225938	8,16210094372343	Z8V
-21,709778434707374	2,2187010609017417	G8V
-9,140123663250037	6,7572798165619465	Z6V
-5,858067111614663	7,508026962783142	Z6V
24,388203389662888	-14,24509580924728	G2VII
-20,571172101409125	0,10107468918281604	J8V
-6,002361840324098	7,2044731972263785	S1VII
-10,689741008846175	6,071145860523869	Y2VII
-22,71931263611116	0,7252299435353591	L3I
-6,770867953691944	5,8189807593018825	J2II
-9,580122189332972	6,141551973761549	L3IV
21,372602678167993	-14,96940117009513	S9VI
-10,57995499708427	8,305841715407352	N4IV
-7,169241838865906	6,837068195133805	Z5VI
-6,544051909699415	8,303690126650334	Y2IV
-19,872398474310213	2,4604583010268897	N5VII
21,441629372833216	-13,795232251469196	J2IV
-7,440425811808289	6,482424667464838	N8I
-9,784418364728268	7,93671400042988	Y8V
-20,434204605747528	0,29837696489193644	Z8III
-21,544758181473334	-0,2256058049795735	J9V
24,247249966219595	-13,8896125332923	L7V
22,451219385435873	-13,666532302290324	G3VI
-6,122042001623787	7,781343954214083	S3II
-6,588939593632787	6,306412433044194	J4III
-10,672657021628055	7,423494780618115	Z2II
-10,008198370741427	7,9377452078983834	L1I
-7,0528170165551805	6,78187524594744	L4II
-6,322201448472148	7,421911169797631	G8VII
-21,602546065739094	-0,0983210708132532	J8III
20,515101265496703	-14,88150488927941	S7II
-8,602528560144997	6,110532766985477	Y9VII
24,067724907837537	-15,620035901178197	S1II
-7,511505190601428	6,844925485817103	L4V
-20,76413745885753	1,5342785876170886	N3IV
-22,67253421748174	0,25634945863612146	Z3I
-21,81504570395875	-0,1307346163103612	Z2II
-10,188420169776675	7,817438215506565	Y4I
-19,807145765223357	2,084102451994106	S7II
20,974839927184256	-13,622137285447591	N5I
-19,95741979618339	-0,32570601289290235	Z4III
-8,840432478488843	7,091156091707815	Y9VII
-22,24552813805606	1,620320735361086	Y1I
-22,311126209870427	1,96189491283329	L5IV
-8,453991908672917	6,007801731261258	S4I
-9,22790323835168	7,4919700552064565	J8V
-18,71338592403353	2,0096422130223166	Z4V
-21,68391650689597	0,5462720339384617	N7VI
-7,664852994895903	7,191214505076771	S5II
-7,424749392983844	7,556851989446709	N5V
-7,897617259144841	6,185621637324725	L5III
-20,246889925193702	1,2179567463997367	Z8II
-9,365243555577546	7,821268037423482	G5VII
-20,1419534985084	1,0361728345840644	G1IV
-9,674740967862084	8,26703497368198	L4VII
-8,121163691076777	5,754130956760484	S1II
-6,120720839303216	7,322894678074093	Z1V
-22,658052192380662	0,05037265372560995	S1I
-7,4949282319825565	5,99147577292908	J9IV
-5,884109199934107	7,367459288942476	J7IV
-10,65138317745787	6,732720343997277	G7III
-9,432845122935301	7,435276315980888	Z3IV
-20,48433257887113	0,009649645331234358	S3IV
-10,75393506100239	7,464773369910073	G5VI
-6,473175796033473	6,260118570910369	S3II
-9,611253529370693	7,600007289348542	Y7IV
-22,022830133723847	0,7810649697546472	L2II
-9,961116269692651	6,5307468859987	N4II
22,521431083847922	-13,975818891334686	J7V
22,531262728345958	-13,63360381957445	L5VII
-9,947519373960297	6,63533929677695	Z9VII
20,594228255104884	-15,495148668765482	G7VII
-9,328507615370407	6,882040675060013	G2VII
23,360708506940576	-13,865303487862331	G7VII
-22,28920167507674	1,4630045922770405	L6V
-5,940167611938804	5,7945570183370805	Y1I
-10,470630326620165	7,091861431986624	N2I
21,115693063928124	-15,663298716191838	S8III
-9,696205871894772	8,29279481067039	L8VI
-9,804882352390496	5,931748997606067	L6I
-22,914640895941453	0,8346686291596324	S2III
23,545938052460123	-13,85522131224009	J4VI
-9,54727352973869	6,117118212894343	G2IV
-18,57367413195646	0,7602814195599228	G8VII
-7,256601862302532	7,3261738164134655	S7VII
-9,365347417656011	5,963983741761101	G5I
-7,575789214319505	8,107770585691586	Z7IV
-8,768462229978654	7,754543658032169	L7I
-7,515169718420979	7,450350997246735	S5I
-22,4380039649667	-0,46698013654320203	Z4IV
-10,238500403371205	5,747295372456217	Z1I
-9,819154158115175	5,919741406246771	N6II
-21,89706840070146	1,076092426780032	J5VII
-9,621521686545803	6,724299401309527	G7I
-8,568003314507632	8,309152831441283	Z9I
-10,322645987483789	8,108578011176663	G9I
-9,858929583796098	5,727948388822681	J4VI
-6,224290963479205	8,16141518764327	N9II
-7,849847827514699	6,616442064863849	L4VI
-20,559253018920106	1,2312839744089092	Z3II
-22,168703221645135	1,3727578103651519	N5II
-21,79752286023752	0,9059700768842978	G6IV
-9,504754419196722	5,999921207079692	S9VI
-7,437298870254846	5,705295350837937	G7VI
-6,627738757789583	8,241865278778144	L8VII
-9,749499412543564	7,174589977767336	Y7I
-21,81068623230008	0,6639970739141048	Y4V
-8,87718689895838	8,172072202738022	J6III
-10,358186930340551	8,01531472315634	G6VII
-7,81458748070435	7,158317877143484	Z3II
-5,936900435434041	6,631284040903735	Z6V
-22,023855718565304	-0,18954831650429121	N1I
-19,983070147125765	2,231320271968108	Z3II
-7,271638265669752	6,281124880811095	G9II
-9,665074561018235	7,2215697206022345	N1I
-10,706241604007536	6,764528756878713	L1II
-9,125652184000883	6,9531573373875375	Y4I
-22,231146518789565	-0,399686656668607	N1II
-10,362295322175074	7,418910277014996	G6III
22,61363667323189	-15,133989539491548	L5I
-22,23696544455346	1,5050884854501307	N7II
-21,66630686514482	2,1627815173635065	G6VII
-20,669196634485036	0,7865221190688216	G6VI
-21,20990953986774	0,2025483603970688	J5IV
-7,376693822235793	5,70394851885643	S2I
-6,189812159283238	7,050300317283247	L3IV
-22,154451641038797	0,5353764889037795	Z9III
22,639216481620128	-14,6834211919132	N3I
-10,591600426816557	7,547748532215648	J8I
22,54095236993872	-14,270790555855033	S6I
-18,942755582040377	1,4588651110623945	L9V
-9,073346988349675	7,3860853395385995	Z2VII
-19,23645545111039	-0,01960882405064779	L6II
-22,82990082253592	0,6777645694441945	Z8I
-10,683197216950997	5,74874098818451	Y5V
-8,306363359913444	6,625764454349518	Z7VII
-21,677132841749547	0,801829506642477	G6III
-8,56565162782222	7,313158267037151	N1III
22,382266294226277	-13,849510460786332	Z3VI
-9,974637569073387	8,191775879141677	G8VII
21,50173001676195	-14,899415697306322	L2III
22,691640016733754	-14,78383015020195	N9III
-7,239557965712999	6,8269925322417695	J2IV
-20,27728834488599	0,4731453207272366	N7I
-22,49504321168453	2,1768769660619736	L8VII
-19,371765653054027	0,17664528230547838	Z5VII
-20,130997447323576	1,4628975268952453	N3V
22,67563547641523	-15,640424277042639	Y5II
22,043735442368	-14,470987566353067	S2IV
-8,505096756390415	6,238789989219617	Z5VI
-6,989546929157474	5,715338399374783	N2IV
-7,7252697807986515	7,504423814554432	J7VI
-21,442025962720265	-0,19602121788902716	J9VII
-9,131590221791459	6,577545956421253	Z5IV
-7,219001457985144	6,349590757384824	Y3II
-21,69489324359621	1,7927061345757929	G3VI
-8,148686004628988	8,117754439098823	Y1I
22,613345153770094	-13,840497818127576	Y7V
-7,739300713982717	6,534884693025482	Y4IV
-7,324718660967068	6,42005987309253	G1VI
-8,241500328156379	7,086380715295741	J2IV
-9,29872760376786	7,9879623796762065	J1II
-20,936663097932488	0,030584320778132112	J4V
-19,770983087579452	1,7279801549011575	Y2VII
23,814928876792376	-14,859729079178912	N9I
-6,803553328905271	8,110907562989155	Z3III
-21,25949229067921	2,0289520089869164	J3V
-10,629276867391836	7,552236543000501	L9VI
-20,51547790375539	0,5780685940392558	G3VI
-20,063344481869787	1,3206028964499212	N8III
24,298675227576645	-14,528418798551213	Z2I
-22,1091731519386	2,364600134204566	L5V
22,608164696052643	-15,146538458950921	Y5IV
21,241298395638005	-15,566375803503396	J9III
-9,603471850447697	8,18916125965724	J3V
20,778345003962606	-15,452986416827814	J4V
-10,100498250019045	6,622340642698012	Z4IV
-6,907855342599099	6,025551123514739	L3III
-9,541108065315251	7,089287975021218	G5III
-10,2466582681872	6,137388633169946	L4VII
-6,34545530493356	7,309078746376643	N6III
-7,251459273303912	7,580854724626359	S3I
-8,86459846106136	6,310343191376669	N3IV
-8,842991721751536	7,148067531965098	Y5VII
-18,513290384047885	1,5950204675008963	Y6III
-7,9229055957427414	5,836227566074035	S6VII
-6,815138297926497	7,217609926890765	L9II
-22,83951077462667	0,15410839762203143	Y4V
21,363796977375344	-15,032833110496526	Y3I
-9,198064166203572	7,412623411373475	N5IV
-8,754589126367923	8,059121854243848	Y4VII
-7,9886407528867664	7,4944638734372235	S7II
-19,96561870982664	-0,33237474305520587	J8V
-21,608228066069014	1,0995103720222001	J1VI
21,998347181891617	-15,39688622286045	S3III
20,860020561008675	-14,711343292082462	G4I
-8,429549751487528	7,924327180248719	Z3III
-7,7695880446410195	6,799603623405048	L5IV
-18,990829339572795	-0,18671279361404186	Z4III
-21,059438942546468	1,8319400575408153	Z5III
-7,130989068463769	7,600516328807537	Z3III
-18,703870306375784	-0,44854155308895366	Y5V
20,554099112120266	-14,782793339220907	L4I
24,17555886154065	-14,913409386250626	N6III
21,993547737870873	-14,358737940753347	Y5V
-20,595539946748044	-0,38430959540755016	Y4VII
-10,077501265613769	7,090059842060235	Y7IV
-6,904716435864788	6,4701130434971	S5VII
-6,578952413456976	8,039481041101137	Z6VI
-21,521153056975812	1,2379693432518706	L4VII
-21,777275431245823	0,0009257051727495913	Z1VII
-8,731830229912429	6,702850277954313	L8IV
-7,80816878836157	6,634771538389085	Y6IV
-7,807629090214716	7,283463860529366	Y6V
-22,335590905921922	1,0025299763766342	N4V
-6,9173688688644965	7,733042613470461	L3III
-19,540379417092918	2,4389390395826283	L2II
-8,68282347320285	7,273355723081754	G1II
-9,544223419529384	8,178471299547576	N6II
-8,941554759837402	8,200452674815288	Y5V
-8,420188062743026	6,55297619082737	L8VI
-7,883563845505795	6,745105517198338	G1IV
-9,611343082325309	6,666115477215653	G4VII
-19,214910726394713	1,4429639420865294	N4V
21,20603615317636	-14,099281435232527	Z3I
23,59307514383059	-14,961643452517137	G9VI
-9,802175041711985	6,360129754364283	N7VI
-19,783491825011886	0,8866982427713646	S1V
22,748524263065473	-15,254254538792416	S1II
-7,271468241208018	7,464164216162654	Y4V
-6,793589384926434	7,991658449795321	Y4IV
-10,811334801020646	7,418926115969977	N4II
-9,146295087629955	8,263977406914542	S9II
-20,83437899000317	1,9205392191700523	J3IV
-21,103336601804532	2,1142660811340424	J2I
-9,94815429558534	8,119515283000634	Z3VI
-6,619499953781796	6,528598684699863	S7III
-9,587832074868045	7,438379816478281	Z4III
-10,610417988347198	6,293012380128852	Z2VII
-19,132704159604216	-0,22185087798266745	N5V
-7,90133834069186	6,532373502354147	L9II
-6,477740284494621	7,3457232099737535	J2III
-22,06881637458654	1,2722510467023473	S4V
-21,508691749250413	-0,07959811185268456	G1VI
-7,966007012736856	7,047586101223699	S8VI
-10,649913472272333	5,713134911160195	S8VI
-7,083127507056365	5,829602079266156	N6V
-22,613792532986196	1,3179432904776103	S1IV
-20,92247529416454	0,46368244125114055	Z2III
-20,436920327867085	0,7575414308105521	Z3I
-9,81560287619565	7,237125068196507	J8III
-20,580539506478576	0,8254042782905626	Z1VII
-8,564842849908723	6,894804875778385	Z2VII
-20,412528129046677	1,2782547087628153	J3VII
-9,714640605560383	5,815398137295342	Z4IV
-7,9012800192846875	6,783435497158242	L9III
-6,580101143798724	7,953041740631684	G2VI
-19,39872987641474	1,450040084449545	Y7III
-8,547881670270748	6,019814382049231	N5II
-20,13058344071998	0,9570350336307993	G4III
20,437105544687903	-14,38606442496405	J3III
-7,150080969740982	8,013410955755953	J5VII
-6,913514407584829	7,031157209962219	S3V
-20,938912420394473	2,0239054116550834	G8III
-18,652734605363424	1,354690254554613	L8IV
-8,718183196631628	6,17888428680986	Y5VII
24,017993348550007	-14,813827581122979	L6V
-21,013894066657937	-0,42116293875468114	N3V
-21,724581761521932	-0,3959803516237837	S7I
-22,462489476183844	-0,06005030669076955	S1I
-8,385034581215942	6,586933987287478	L4II
-10,769991227649976	7,844035915864163	J9I
-7,812288813304326	7,603053001535363	J2VI
-8,267668533264683	6,511552872568375	Y7I
-8,688525838212419	7,358486272423897	S9III
-19,219683228269247	1,5315114323371406	J9II
-9,183457909930429	7,485072958450352	J3VI
-8,301963561920173	6,576629489409393	N8V
-7,180359788851105	8,060259254854769	N7III
-10,275546684853294	6,220706590662704	L2IV
-21,33200146272542	0,8019663645565791	Y4II
-9,325830942058428	6,655796724710586	L3VI
-6,247840566945235	6,579594471202158	Y2VII
-7,156300780473508	6,391262124115534	Z1VII
-19,24893924765186	0,48105106235159345	G3VI
-20,741943814169232	0,004321966162382784	G7IV
-7,549409057204548	7,052537205773228	L3I
-9,300156486789964	7,312469192388061	G6VII
-21,548941861758994	1,7717186231818693	N5II
-7,896049844470222	5,876702500172381	S7II
-8,935673733775383	6,192196638729175	S3III
-6,106837720882969	7,8860799362913045	N6VII
-21,119476125258398	2,1734178793889942	L5VII
-19,788251878953538	-0,3685084884703125	Y9VI
-6,654194539761972	7,827946329233017	J2VI
-9,347829723057293	6,967167944775924	Y9VII
-18,682104183452573	0,3832753046950288	N5VII
23,22294569477595	-14,562174735728702	N6VI
-10,161254634269092	6,510402818053686	S4VI
-8,302918452731644	8,09346375123279	Y2V
-10,558621302598647	6,573248561383905	G9IV
-9,769888006715599	7,009039546545998	G4VI
-20,234721541093414	1,6399870581769578	S6VI
-9,698670705816957	6,286666669525748	G4III
-21,150128891287757	0,6758620487778084	G1V
-10,46630353201312	5,782250659558633	J2II
22,409773104023145	-13,71017143532421	N7VI
-7,731697919950136	6,049870535368901	S6I
-10,234846632940481	7,012658711249539	Z6VI
-7,904280526657166	7,9127552379983275	N4VII
23,38565071810082	-14,065463649315587	S4IV
-9,372771649438583	7,518456160706268	Z8II
-19,283793387472898	2,2483245055323744	G6III
-9,41391502318625	6,101302985629838	S4II
-22,332231725934363	2,1098170499633584	Z1I
-5,851714820115765	6,068461626019761	L5IV
23,412076485526537	-15,595499071137167	J8VII
-20,762727226766767	0,005763809203276682	S6III
-5,983304097218782	5,858832317243316	G3IV
-22,632370870533347	2,059691935853788	S4V
-9,474613105106139	7,104105487976556	Y7I
-22,78089964579377	0,37951577198090647	Z1II
-7,201279348986056	7,827679214637834	Z2VI
-7,0610110450456585	7,588480129151404	G4II
21,31365947633574	-14,012676031403904	N8IV
24,069558821912125	-14,424484272228828	N3VI
-18,514889698658177	1,1143130879710064	S9VII
-20,789766567101424	0,7527965943588177	Z6VII
21,607456562547153	-14,620228861289991	J1III
-9,082566044025802	7,263308552942927	S6V
-20,842962677814008	0,2214483027551457	G8VII
-22,37413743112354	0,23095066040036338	Z3III
22,746389734350384	-14,929508397142325	G1II
-21,518264131983603	1,866722059283999	Y4VI
-10,467146583356572	7,857681612271476	J6VI
-10,163182169891547	5,995406503933218	Y1VII
-6,9116704902718595	6,135512236462163	L6VII
-10,705757439977948	7,728321730559855	Y3IV
21,079468007483474	-14,726306838680587	Z6IV
-21,56000050351436	0,8657870758803661	L7II
23,389005759574193	-14,805783826253993	G9VII
-9,022714077264231	7,410546365569752	Z1II
-9,942176041549358	6,615616235903984	J1VI
-9,103204369336584	8,25786516830995	G3I
-9,079595325684025	7,443419970722168	L4VI
-6,862086435718157	7,045600861897237	G3V
-5,9180351856375335	7,000343850445568	S5III
-6,5112608509348	8,293543345183128	N9I
-20,89987183058564	1,6722319844274145	G2VII
-21,8652774074208	0,5066558743860361	G5V
-8,689593182904487	6,7519221735720105	L8III
-8,326000071621879	5,774638149053395	N9V
-7,8632067184820436	7,987998863884123	Y5V
-6,068214511776106	7,353960483249888	L6II
-22,584739902348876	1,3423839793142909	N8IV
-10,217858174423357	6,208578755153599	G6I
-6,137469785594432	7,985518098297683	N9III
-19,988313134235245	0,7015850095321994	G6VII
-9,902881607653125	7,213608616796001	Y1VI
-22,450181317390896	0,07060113729800166	N2VI
20,710770093021	-14,519173456012394	L2VI
-8,07088792496087	6,716147018849032	S8VII
-8,307403565767494	6,555255958229101	S9VII
-10,444829726147354	7,282642189892776	Z5III
-20,679751243178963	-0,17433511808358781	G4VII
-8,418941931540648	5,75904495426946	Y7VII
-7,360768818705471	7,755069810768102	Z3I
-8,958337967259535	6,460923961396968	N8V
-20,27251353664312	-0,48833993189624164	S9IV
-8,320566480570992	6,552149121533581	J3II
-7,864471387255839	6,982980357959207	G7IV
-18,614828125108197	2,1326205745544122	J6V
-9,76374014865606	7,969295619073456	Y9IV
-6,822813389450868	7,942479147012529	N4VI
21,335527985484706	-14,952293894682063	J5II
-10,300929445061705	7,433557450881763	N3V
-8,765009821685767	8,268380074965709	N9II
-8,460184602928214	6,066583723158516	Z8V
-9,869938271538134	6,385858524460618	Z8I
-10,672163778760241	6,370511032385495	G1VI
-6,575435765973392	6,2084157250980665	S4II
21,314537768990295	-14,475070382090305	Z4II
-22,7455577189884	2,23006884766116	Z7I
-9,204024054733178	5,852380224766384	Z4II
-8,725905886355257	5,701853016643666	Z3I
-6,520638541887131	8,15011731017416	G2IV
-19,531206165459878	1,0334379431108802	Z4VI
22,073388218664913	-14,317960075913854	S9VI
-9,8222724405377	7,597679460556335	J1VI
-21,183960932284368	0,43628786006408815	J1VI
22,666701285654035	-15,459546673028877	L6VI
-10,338372943485844	7,562241927315541	Y5VII
-6,321437372561823	5,837376024662795	Z4VI
-19,223738451835988	1,0354952033131992	N4I
23,183799759633295	-13,922141932815945	J7I
-9,906007651138458	7,374541085641653	G7I
-9,39416473929532	6,095320826298024	J2V
-9,6433454967688	7,398862154904986	N7V
-20,381062043951683	-0,12014858501588388	S3II
-8,76567517697142	5,787708258277877	N1I
-19,454996397418284	-0,46470304387935374	S4I
21,683793372668163	-15,330162113885187	Z7I
20,400614373963755	-15,17297496212582	G5VII
-19,393353275351167	0,32209587849222354	N8VII
-8,040336466564792	5,716971458849922	S9II
-21,9887575955299	0,004346742460337505	G6V
-8,306022780190357	6,178419584640846	Y8IV
23,53227391676688	-13,63939693314667	G4II
-19,315207434462565	0,5710153980070007	J8V
23,82130854835126	-15,008894748362176	N2I
21,534433809414434	-13,769676049612775	L9IV
-10,671489925295825	7,667332314336005	L7I
-10,336553648188996	7,294267093523923	L1I
21,47571583818063	-15,150703501876796	N6VI
-7,780471172092998	8,301384883424124	J1VII
21,790365255448666	-14,257195158397797	J1VII
-9,225366894076563	6,1598121293161965	N9VII
23,255921617559125	-15,389663604688922	S7III
-8,511940502967128	8,036319450131893	G3VI
-8,322444103366704	6,17802313303495	N6VII
-22,93576003546122	-0,3965828241603825	G8V
-8,18471375137583	7,628116184395049	N4II
-6,199341827649112	7,775412736731548	Z5V
-10,591596493999798	7,194479900125666	Y7II
-7,173440239152514	5,868049839612052	J9VI
-19,129796770303557	0,14145388401272196	G7I
-21,73621781369793	0,1638796587860467	Y4IV
-6,487548246540413	7,13384484158297	L8VI
-8,146963311393641	8,101320071649075	S5I
-22,064082115418213	2,0886610214748114	L4II
-10,641839083930238	6,753210035406266	Z2VI
-7,422452783514995	8,168973764837565	J4IV
-8,86684255647408	7,0693826645125215	S2VI
21,025774104434596	-14,850602198686055	Z8VII
-7,5642513579175	7,98337474585658	G8III
20,832496992620108	-15,329058366063997	J4VII
21,228411578441143	-14,037498983774084	Y1III
21,02215691698983	-15,381806127592956	Z8IV
-7,908829820496676	7,428441901362118	L7I
-7,525847252513572	7,72857127812929	N5V
-9,223539258548934	6,66739725492934	S4IV
23,834813354946533	-15,324281893536911	S1IV
-20,848411688886724	2,2684008576573698	G6I
-21,435949101375854	1,3032735734094372	L6III
-5,850537397130892	7,825080081442124	Y2VII
-18,78178306659011	0,9456634067986238	J2IV
-8,58330991915748	7,489886117723026	L4VII
-8,107570689060692	8,153181626583564	G1VI
-22,693389318583833	0,8603632590117514	S7III
-8,864377565148494	6,524857880843266	Z4I
-10,445427812785601	5,946188525791106	J7II
-8,277823932813797	7,558232271489143	S3III
-10,049443027044044	7,7706637527471	L7V
-9,076120191131492	6,577420090699339	J2V
-20,00786720596439	2,1897008396345283	N9VII
-22,178426294699523	0,1540026465335287	G4III
-8,661359110409718	6,315290855391613	Y3III
-20,565312936934156	-0,4059776015044555	S6VII
-22,50866872829083	-0,13475046734436152	J1V
23,769124833382506	-14,790604800531325	J5I
-19,11060551820152	1,711714509271424	N3III
-8,842295980536722	5,987022816896577	L1VI
-8,753267654754508	6,80740117117703	N3III
-7,245983598685214	7,823702514427198	G1VI
-9,737321381790624	6,8183408528652105	N3VII
-21,70546214934555	1,866526745270692	J5IV
-18,493036333248696	2,296824628709687	J1I
-22,894074417215545	1,2515778481329802	N9VII
-19,821955323064756	1,8659924767813891	Y9II
-6,267879734087266	6,832569130817866	S4I
-10,655337781668093	7,7779761235454	N2V
-18,581126998535453	0,28013408218423463	Y2VI
-22,171061989138213	0,7761998187626342	S8VII
-9,774417899044249	6,7978851358806605	Z4III
-6,789860793092074	8,093790152816393	L9V
-7,362072984616517	6,762349220630652	Z6VI
-6,16068990477089	7,744109322839204	N5VII
-8,671984181629352	6,413514666067953	N8VII
-18,975954327777554	0,4108198396792011	N8III
-8,944883147349968	7,073500390990635	G2II
-7,208474869787235	5,704479605114389	Z6I
-6,567540153745904	6,794763893358286	S4VII
-22,476122286944918	1,8806142818411036	J7V
-10,391759069864642	5,741023302264445	L2V
-7,851761937921646	6,6328901761516805	Z6IV
-9,31349790916529	7,526724285004552	J4III
-7,24107010670204	7,153375683759357	S9IV
-9,428163401589533	6,6595631942335505	S8I
-19,73647703678889	2,3688549650197848	J1III
-18,800635793911187	-0,08011726350944726	Y7V
23,21821526786379	-15,603291967907913	J2VII
-6,672152412468143	6,5568483336576175	S5II
-7,15258953767912	7,688760469949701	N9II
-6,909944801621452	6,00852148097021	Y5IV
-22,274071966355056	1,3575664431658188	S3VI
21,788333997292206	-14,312760383857494	Z7VII
-9,65472734220677	7,826655765705848	Y9I
-9,523432808938725	5,752418820882526	J5IV
-9,859350850255932	6,0939076421515725	L7V
-9,184582009279707	8,214244443441597	J6III
-8,353752819711165	8,192681593801431	J2VII
23,0277216659745	-15,078680441717982	Y7IV
-21,011112342840867	1,9476756784160727	Y4VI
-6,063056318228509	6,606784934400109	G2III
-6,315572942437624	6,0843251910244565	Z1III
20,661631672527548	-13,638758259485781	S6IV
-7,83179855148258	6,732195300334343	S8I
-7,514910339414188	5,8699419534386434	J6V
-19,716704798090024	-0,24519303183404034	Z8IV
-8,18533426524218	6,466116611286947	L5V
-19,083705318008864	0,22276744701565254	S7I
-6,221215193155407	6,892341619632197	J9IV
-9,231272266036326	7,732617055348114	N3VII
-7,84166638498679	7,960053828326741	Z7IV
-18,743024986603096	0,3320320527530549	L6II
-20,51047038129312	1,166483463755986	J6V
24,2743488044863	-13,646519759103425	L6II
-10,805476698428901	7,390039935270401	N8I
-6,023471643924527	5,806791839443703	Y6VII
-6,53300712017969	6,658156613595161	G9IV
-18,482745805609394	0,8919743702879461	Y9V
-9,756648489444792	6,089275152580599	L2I
-8,284913410433312	7,186656286354675	L9I
23,410108075802277	-13,992891170504535	S1IV
22,977894367633812	-13,600387113140915	G6I
23,117520908184684	-13,80842413450723	S7VI
-10,489971008564433	7,925129251758093	G2V
-22,06012791281985	-0,2289036811276371	G1V
21,590662783229124	-13,634546786709835	S7VII
21,574507053492756	-13,808630879919782	S7IV
22,763984837268517	-14,737519053231313	S8V
-6,665788161561703	6,207685443436241	S1VI
-22,69695246451557	1,5345548229241166	S2VI
-20,76686713390748	-0,49080093840270744	Z3VII
-9,346002762518525	8,068612381513246	J4V
-6,487402850900845	7,598819727759556	J8IV
24,36573881856888	-14,546058646498174	J4II
-8,5551554003379	7,787852684340815	S2III
23,986158224309527	-15,457396545281126	N6III
-18,960663163917832	1,3581717637196917	Y5III
23,18403650726125	-14,784731156807503	Y4VII
-20,287639644026754	0,03842532460554504	S5V
-22,2322649622885	1,4239936005886988	S9V
-8,359004360734826	6,223919660125893	G4VI
-20,895855113224115	0,35421162290506625	L1V
-7,5982403521354875	6,4601971082336735	G8I
-8,436169840951957	7,8645821150149064	L1II
-9,835064914167953	7,314729245493752	L8I
-21,96133570349011	0,6768156858897743	G8V
-10,177781103021212	5,98356322562813	Y6VI
-10,675414419724122	7,100007786232002	S9V
23,42770387733624	-13,792279305184922	Y7I
-5,955881227410254	6,054498267812153	J4VII
-20,6982970263697	0,844702550588575	Z5IV
21,43579235195276	-14,528094856646135	Z1III
21,61482682319123	-14,659771395159801	G6V
-9,668420268832467	7,578736667719485	S8III
22,057333880826878	-13,962267247971957	L9III
-19,99169337871521	1,3798319989553076	J4VII
-20,62708007073204	-0,21456913509278147	L2V
-10,395971025687293	6,8176125056508745	Y8III
-21,892413249653483	-0,3607556802902805	Y3III
-5,940519436043309	7,389107700307959	S2I
-19,947323655126038	0,0745666404201678	L3IV
-19,77170869886879	1,6355690491061388	Y5V
22,550180580193555	-14,11398953865006	S2V
-7,841987010662997	7,712795230718081	L5V
-9,668304793130247	7,916345403337981	N7II
24,177504645168376	-14,823855389145427	L1IV
-7,997857050730373	7,195359735896474	N7IV
-10,642019738959856	7,160963931103867	Y1V
-8,8087837651201	8,050312864022047	Z5III
-19,395817081571817	2,388732330002944	L5IV
-10,113219012396955	7,213210665656849	Y5V
-18,873961375648662	0,3621049157168501	S7V
-9,151951402068429	7,686883769816785	Y5VI
-10,144755149578483	6,838553098785815	J6VI
-10,524130774893102	6,178855582429036	J6IV
-7,195237136543708	5,768751715828404	Z6VII
22,687852892528394	-14,50863822513022	S7II
-9,816104711721355	8,084916865513502	Z5V
-7,731954663066555	7,283629532098537	S1II
-9,008811004875353	6,634869208908721	S7V
-6,805952095322762	6,362289079208102	L6VI
-19,03905604084905	1,8692809340705796	Z8VII
-10,45694158455931	7,847114697492124	J1VI
-6,729518525839665	5,883180848491275	Z8III
-21,99243603625914	-0,10951491495967697	S2VII
-19,29431792933131	0,17917030530321476	N6I
-6,252294041926372	8,140930869392099	L5III
-19,451120175323496	-0,4011039187842306	L8IV
-20,13084944322167	0,9071034100591788	J3V
-10,001896831002224	7,480000615097758	Y6I
-6,328263058742829	8,2208416378091	Y1IV
-9,916953205346859	7,320470420024474	G7III
-20,58743836000873	1,645456679642691	Z7III
-22,41697453684455	1,74051086806091	Y4III
20,69117482188577	-14,379926106993352	Z3V
-20,29821485742277	1,472113713489576	Z5IV
-19,750004788159874	1,026924687223287	N2II
-19,742984355095803	2,052273310908303	Y8III
-10,508601407036549	7,030740982786679	N9V
-21,255219125508923	0,07300989501930821	G8IV
-6,491912761427895	8,01933333784472	G1V
-22,459935523334675	2,1263640993893427	L3I
-10,493181787858333	6,820356128131749	N6I
-7,039852307290622	6,98422742506315	Z9VII
22,048099057977975	-15,029929932748349	L5III
-7,544124201100113	7,165333420206579	Z5VI
-20,206352961336684	1,0301459494619538	Y5II
-6,216496469032722	6,015490447969412	Y4I
-7,786038446987696	5,779282740482268	J1III
-18,849843126279673	-0,05651853033971843	G9III
-19,770315739814414	2,4349111034245947	Y3I
-21,481450426225088	1,490936287907511	Z4IV
-8,461508505604135	6,9997906492189825	S4II
-9,645151827292313	6,867632377553409	S9V
-7,243110208899624	7,537298563028601	L1VII
-18,558435294376565	2,067430960810251	N3V
-21,073667224770663	1,567745679979595	S4IV
22,54929737543835	-14,685229811189007	G4II
-20,210974420062026	1,7940006740910126	G2V
-6,2877098835459915	5,722133137100604	N8V
-9,579590683734033	6,41589332221905	N7II
-8,425322379152036	6,842031011301051	Y7II
-7,819186989192893	8,28530476250146	Y6VII
-9,571925455975641	6,986798861392962	G3VI
23,800308033497313	-13,662654457237869	Z7IV
-8,017194068438167	6,239052794775108	S8II
-7,87127156325239	8,213953397069147	J1VI
22,799619564632827	-15,113915578592977	S4VII
-5,885276559112149	7,865830121259807	G9I
-21,07155579551285	1,650040248678862	L2VII
22,814820716746915	-14,720297140050219	Z7V
-8,651596728789727	6,646686868932886	J4V
-7,028726159063939	8,309505815477614	N2VI
-6,668205734394744	6,56156440424439	L9VII
-21,376479281634857	2,201732418753359	Z7III
23,324267368219246	-13,915341338092501	S3III
-9,35076035815323	8,25964064111503	Y2V
-19,87125104604928	2,1898901194255194	N8VII
21,148369507023663	-15,147440908580203	N1III
22,612896002347135	-14,564808738009908	S7I
-6,22496993996104	6,749462637354961	J4III
-9,512824173045978	6,446802028277979	S9IV
-10,432401445290452	6,065853117798604	N5II
-9,781796288662285	8,051299525896914	Z4V
-10,22868862469831	6,330842729360506	J5III
-6,880703802081306	8,281641240524351	G6I
-6,822881643584793	6,135162974900535	S9I
-6,8228788126738245	6,064624087422659	L5I
21,01516922810586	-13,882434589355748	G7IV
-19,78048559089729	2,0766368822640944	N1III
-20,812094068297547	0,020086648273235475	S5V
-6,0601425467649905	7,415104888575401	Z2VII
-7,995485304071879	8,186328472836694	S4I
-19,313230351671518	-0,19866634932233007	J6I
-7,720881551795562	6,416857697509796	Z5III
-8,446750843025374	6,2634626694042534	G9II
-20,127001070996265	-0,07467174114300573	G6I
-19,705100998989295	0,2219072235995171	S8II
-6,525488088816346	6,178581096976368	S1I
-9,613354476611857	7,211671095399208	Z7V
23,701845934302895	-14,360181562245169	S9V
-7,6924695419676485	5,910502059248559	J6II
-22,759462949306062	1,3755258685358525	L6I
-10,000068805939486	7,721933718805406	Z1VII
-7,657652560128332	6,392344567889327	G4III
21,069612500084467	-14,676253945427806	N1IV
-10,525690368365407	8,059578893573043	L1VII
-21,202604321439722	-0,27237732361975475	G2VII
-6,6416842850348035	7,814182895007096	Y7I
-22,79693757562471	-0,12097259832601076	G8III
22,14116140410229	-14,148118833048153	G2VII
-19,501261779914373	0,09710412698800286	L8VII
-6,4783358651774465	6,022305773241538	L3IV
20,868305333139897	-15,46327398640531	Z3II
-10,37353783004598	6,953877484217963	N3III
-9,647957367213369	7,036512084082632	G1I
-7,9616641711275955	8,223511190628141	S5I
-6,706827701097405	8,143232301789526	G4V
-10,74123606777897	7,105909912302845	J7VI
-5,9293005877140805	6,038569255084967	G2VI
20,563415641731112	-13,683194972202816	Y9I
-21,78177313684055	2,2473023427588643	S5V
-19,140855813729022	0,09243957446146944	S7III
20,446577129651953	-14,060244528589402	S8VI
-10,628565545234752	7,954166555952466	L1VII
-8,495612103437388	6,786870258011111	L2III
22,493571399361826	-15,293669118524104	S1III
-18,572761431638547	1,956711839162695	N8III
-9,127416531873399	6,496661102644947	L1I
-20,218143097020572	0,16957373795989894	J5V
-9,245537353208261	5,735196399819452	Y1VII
-7,64887519113409	6,953679672774481	S4IV
-7,660571803453831	8,094014955732913	Z9I
-19,244533561714704	1,8990264831752903	N3III
-8,25015077697052	8,208232586659559	J7I
22,143422830996847	-15,121433733307866	J3V
-22,61809185461219	1,4920367359901836	Y6III
-21,60619240420712	0,5978958239920189	G7I
-7,52395467835869	7,329084289539966	S3VI
-7,580208368690958	6,912780062757214	Z6I
22,283254290463038	-15,47905081748784	N4III
-9,519785562013952	6,325807305358499	J1IV
-6,776878429688511	6,637368510317646	Y9IV
-20,473820117168312	0,7460593580082313	G9III
24,133362435906122	-14,526276921949101	Z9II
-9,528118873724843	6,944152567050984	L6V
-19,6154438207303	0,16270996412772643	S5VI
23,212374951985673	-15,23983205934299	J8I
20,4674626325888	-13,825308711146274	Z4IV
-6,942311496402939	7,9351305426635115	Z4III
-8,330658500961457	6,859844138750076	N9IV
-10,442698664407747	7,22815551241794	L4III
-8,856650566603658	6,903759103237198	Y6VII
-19,999445434614135	0,4928332450997426	N5VI
-7,755656571771217	6,969812633822296	S5VI
-7,152069319150539	7,930349874879735	N3VII
-9,256156818031974	6,453255680339134	S4III
20,561621877849017	-13,913103415167008	S1I
-21,729058609414153	2,0236509329137062	J4III
-22,472977217274412	1,0012972569127483	G5I
-9,768595929945526	6,086012708530418	L8IV
-10,026121243466264	6,932326224727146	Z7II
-22,36895010437669	-0,10860011358603022	L2IV
-22,76309353047227	1,3492970777341269	L1V
-9,014798750425022	7,735245395619271	Y6VII
-7,057948233957963	6,541068730134579	J7VII
-9,549963621438206	8,124912600823436	S7V
-8,202865950635388	7,554570358352201	J7I
-6,591891016826617	7,698767013852098	Z8V
-20,424027844416646	0,7256800038597981	N7VI
-7,9494453905800215	7,849463106580314	J6III
20,735677707534077	-14,629430470574293	L4I
22,100203896127066	-15,17279425467944	J2III
-20,036198214859727	-0,4168380172010096	Z4VII
-22,560319863096375	0,1593029542131834	J3VI
-22,914384332941335	2,3707936999170016	N2III
-20,890673107718655	0,1938547529457103	S7VI
-9,612471794039218	5,983222532249748	N6V
-10,109444536617016	7,428560893002618	J8IV
-18,554639505197834	2,428613942433535	Z8III
-18,63963576701349	1,4398757266920144	J6I
-8,058563876237248	5,797262996168721	Y2VII
-20,16953561714618	2,0916139283612782	S9V
-21,86608701642607	0,967575798319442	S5V
-7,666873579913796	5,844140498187526	J8III
-6,094094330037017	6,34650445129111	S4II
-20,144958070761646	2,2989501436822852	Y4V
-22,432641110325072	1,9974297622402555	J1I
-6,227088038426373	7,9178982717956705	S7VII
21,46408134620833	-14,737372287925638	Y9V
-21,04549681999094	1,8814039869674988	G1IV
23,45442759963525	-14,745299760643928	Z6VI
-8,555208231310875	6,482292140508633	N6II
-22,42363890769798	1,8967920068186743	L4I
-7,705346132422017	7,614183365883384	J4III
-10,283415180707374	7,3571200054126695	G5II
-8,7535950269134	7,367083321297338	L6I
23,54036651294589	-14,406939688966746	J4III
-21,49648861383799	1,010415251734883	Z9I
22,281340454676354	-15,601763674956857	J6V
-6,6423416018698695	8,11332150456833	Y2I
-7,043652385688485	7,429889690887548	N4II
-7,023399384853773	8,146154284422693	S2IV
-10,004582810782315	6,455873395142749	N4VII
21,586501121740227	-14,96742447796333	L3I
-9,680322447166814	6,025250870424466	L7VI
-9,10295166040799	7,460692180421965	G3II
-9,362506599534639	6,926737975932502	L3VII
21,216432965119747	-15,257975360771542	L1I
-10,340059261943368	8,077735730960732	Z5I
-7,5004538534931395	6,176464195436905	Y1IV
-9,20341179408198	6,971879006897023	G4II
-8,72232704754216	6,9639841317832	Z4II
-19,06012881238259	0,5735508954741839	Z6II
-10,318191408479347	5,831449606212436	S6VII
-8,676560529416262	7,620288687557259	L7VI
-21,07259211759589	0,0727163125851692	Y6VI
-8,9198492595204	5,756829265501863	J8IV
-10,210568050789583	6,680389514971028	G9I
22,879704883161427	-15,096688787729187	Y8V
-9,624780605922366	6,88403621020388	Z5VII
20,88131935875948	-15,558610131703395	G1II
-5,85443600727954	7,5521688647686585	S2II
-7,774313939182871	7,616772018309673	Z1VI
-6,562397429713257	7,209858588443423	L9V
-8,41610886502815	7,14985403434966	N8III
-7,119442915888822	6,977960938578034	Z3I
-6,46959902923634	7,670330530709918	Y3II
-7,093949474155853	6,591892322751741	G4III
-6,2101330596103805	6,630431846103994	Y5VI
20,612260818588254	-14,60461745460729	G7IV
-9,03863228854863	7,428283797922765	G5VI
23,88571432629721	-15,327515860970092	Z1V
-6,739582820350172	5,9026630998073335	L5VI
23,10758232513151	-13,757782056301433	G6IV
-6,740916065596178	6,178076677337768	N1VI
-8,202748979115333	6,463298505014455	Y6VII
-10,62468619556786	6,010457259802137	G8III
-6,685804459313065	8,287982916627678	Y1II
-8,92419569903072	8,170472105371207	J2V
-6,35277374495676	6,713693552882194	G9I
-9,168478986769514	8,21759795036075	G9III
-19,30242692755868	2,248988482059807	Y7IV
-6,138789242058449	5,831155700818612	L7I
-6,537395356817789	5,874721772573903	Y9V
-10,253670431253235	6,244740168991872	N8II
22,4552884951276	-15,1855395246629	Z7VII
-10,286672514480383	8,010876827123633	J1VII
-18,805721030525458	2,3140067354326037	L8II
-9,780905384863575	6,071062656560563	N8III
-6,032322903266925	7,43129019569173	L9VI
-7,687916894540519	6,238879372427748	L2I
-9,332430553873172	8,171612061961184	S6I
-8,57569575004327	5,9922432114352695	Y4VI
-8,496595989135937	7,058444750136226	Z1III
23,335185878719418	-15,65653962734933	S6V
-10,43115950948868	7,510662989555087	S4V
-18,755033419979664	2,443712484981475	L2II
-6,6474651305324866	7,215207619815407	L7VI
-6,975150905264614	6,781159741660645	J1III
-21,06720693568509	0,4667066770056808	J1III
-8,047712111719811	6,963046453022128	S6V
21,750862786930032	-13,690588790594042	G8VI
-6,9520810330887866	6,272592862886002	Z9VII
-6,84585549420326	7,965107039121413	L2II
24,080784357932817	-14,528371964180025	N9II
-19,89727546868064	2,4493854212512822	J8VII
-6,121203056676818	8,047402452057923	S7VII
-21,376058874270267	1,4672085827902597	Z5V
-10,242083416389434	7,22291149826406	N5V
-21,93077971686488	1,668097078529814	Z1VI
-8,55293662827028	7,756572988112252	N8I
-6,0203674963196665	6,286781715378875	G5I
20,440788545822457	-15,495797971658677	Z8II
-7,1366006178498775	8,1496983701064	J2II
-7,641788322209564	6,934332595206253	L2II
-9,789199007485818	5,973577562291535	S5VI
-7,918715849239215	8,146076213491408	L7III
-7,967515900001507	6,249292525745291	N3V
-8,628327216223223	7,9897214966409	J4I
-19,369627525245708	0,03843189813597392	Z3I
-7,1654759980564915	8,194477774421506	G5V
-6,333660953168994	7,120531339997285	Z7VI
-9,139353803806939	6,906829645547116	N7VII
-10,635009393143653	7,325004093570907	S2III
-6,844711047986861	7,13697152328551	J2I
-10,004972829751893	6,035041964979729	N3V
-9,683962443044614	7,227162291356135	Y8VII
21,692889984524435	-15,558117865796763	S4V
-20,560696384200067	1,1236894448558958	J6IV
-6,857739940542221	7,730176916887236	G2II
-7,0942708792357365	8,283035920087706	Y2III
-9,419019332519929	7,91224750005474	Y5VII
-19,493752813658187	0,5103340524147582	Y9IV
-8,60559463167154	6,313885009940892	S4II
21,215192285421374	-14,997210557218725	J8VII
22,240138228991494	-14,872423225641622	L3IV
-22,468310505256266	-0,22182015454173132	L2III
-6,179074656854667	8,088352926168408	Z8IV
20,90688715476513	-14,441267276921694	G2VII
-8,93419097119425	8,010076710397641	J8II
-7,2629431322659155	7,661357932977484	Z5V
-19,56537166399945	0,4744488757912835	G6VI
22,870864672519385	-14,20471769377324	Y2VI
-19,62718228387478	1,5510464901550496	L4IV
23,79902199967164	-14,368808772291182	G3V
-9,610295485951427	5,693796505882797	N6III
-9,256702545719586	7,222379852208027	S5V
24,388535471679443	-15,3957517931521	S6V
23,757288305266822	-13,778906385422381	J3III
23,881225956550388	-15,121498450762616	L6IV
-22,770146680745796	0,09471408151203331	G7III
-8,629056746285885	7,076428308722262	L2VI
-7,599233345354296	6,320526235216164	G5I
-9,501511673597859	7,716261980542422	L8I
-10,362454261191974	7,2242139634605556	N8IV
-8,055301312743847	6,676690336854284	N7VII
-21,796983771598597	-0,07578034610904033	G7II
-10,49849307975947	7,844922190779455	Y2III
-10,429800219884918	7,9137507645420495	Y8V
-19,10544134056128	0,8323192744289369	N9IV
-8,239328919713586	6,926506915644637	S2III
-9,7281547186029	6,221657988048586	Y5I
-7,267398688732084	7,485179716908826	Y9VII
-20,967750453914125	1,0164458771075175	J8I
-8,795146212498093	6,420577440793581	N9III
-18,90641683122514	1,4292647233666969	J3III
-9,515788662544857	6,5529273998696596	L7IV
-10,335712639722477	6,491972212065161	N1II
-10,691898782922177	8,21385563444061	Z2V
-22,144955895373744	1,8630269360433596	Z8II
-18,538151429538175	1,9736367212920929	N2V
-7,613643882277422	7,027774025286682	N2II
-8,667489322331443	7,756452961901033	L4V
-6,135385801728614	7,114435970463263	G6V
-8,403172547306568	6,938987634791674	J6VI
-5,9462915279132895	6,164271316385289	L3III
-10,51141919524252	7,159310280314456	J4I
-22,68464396116705	0,7778883198161981	Y9VI
-9,698384593978304	6,816648385751278	J6VII
23,483759345076233	-13,62478365992686	Z6I
-20,975251093350455	1,556697791704113	G3II
-7,6893538958548096	7,396655330650997	Z7VI
-6,821398542018568	5,987035508856445	Y3IV
-9,615187873517542	6,551529928270103	Y6II
-9,845170368175589	7,54585809093086	N6IV
-21,263309107524197	0,7962524417898258	G7II
-19,538405232727083	0,21911527778829476	N1VII
-22,290255139915754	-0,42648607970816105	N4IV
-9,281223478654034	6,480884065057812	Y6VII
-19,34821623153596	1,4825770880039433	L7III
-7,291567992942347	7,13676226030123	L2VII
-9,478327527027744	7,854371521480932	Z4V
-21,199382320799906	1,2897722697791376	Z7II
-6,418693295635665	7,673688522050586	Y3I
21,065243484946024	-14,722376723850534	G1II
-6,088659019143211	6,088437054872408	L4II
-9,094645028146601	7,328260849592809	S1V
-7,887418633002236	8,093400008556651	Y1VII
-22,638744337187468	2,1544079037139463	N9IV
-6,2367588627442085	7,900195484246677	N5I
21,12397363509732	-15,1408459200011	S5IV
-10,817508905213812	6,0419853330702376	N9IV
-10,589964611142474	5,730972060387777	L1VII
-10,352881280463288	8,230650262686773	J5VI
-6,288009923658621	8,267432058984348	Z9V
-10,710268930762112	6,218247266888303	L9V
-20,363397104305477	1,4529834503165553	L5II
-19,14369232417655	0,7915623393199913	L1I
-6,286218221214452	7,604770652519788	Y9III
-7,317980104757092	7,941574289326743	N8I
-9,706106459354089	6,948651971328472	N4I
-8,103823783808943	7,920141367959659	J9I
-22,167677592760636	0,6976269372282562	S8IV
-21,02730260548398	0,6333255884012263	N3I
-8,182624004880951	8,055649394147151	Y4VI
-6,477438474740645	6,947262515382975	Y2VII
-9,996139670022902	6,58915994989816	Z4VII
-7,723953184440974	5,708519847623026	G6III
23,164472412541137	-14,825601253850849	Y9VI
-6,542582167414722	7,172681965304294	L1IV
24,083748460181994	-14,934028848661013	G7V
-6,746732105994067	6,982555498698143	Y8V
-7,556354593465038	7,1256491103836	L4I
-21,285710485735972	0,8456952385097334	J6VI
-9,14425341775531	7,290741439883753	G9II
-7,437745983571162	7,834325154700419	Z1II
-9,361974275726544	5,7136328691452665	G9VII
-8,703358132157469	7,705392840776691	L8III
-5,870096820318959	6,681441519317047	S4III
-8,619014385067317	6,045802861051992	L9I
-10,266212872596626	5,769422014378548	Y8VII
-8,607967695516649	7,243050655839227	J4VI
-10,544905224290797	7,067189581075354	G3I
-19,271216613426475	0,04059301620683786	Y1II
-19,674768361662053	2,3593701490521672	L6VI
22,805234099183053	-14,641121656798965	Z4I
-21,62168766844899	0,9875050546511626	Y5V
-9,618164872045963	6,658225797556523	Z5III
-9,24496358518253	6,494291728793978	J5II
-8,043405505539557	7,297208579409406	L3II
-9,740571786619679	6,3536814033446785	Y7III
-6,458476984765788	5,801204430714753	Y6VII
-9,176227495032753	6,262561842037498	L8III
-7,905500438681434	6,131638463971167	Z8V
-6,150898785683785	6,075173042970185	L6VII
-7,120863456042205	7,977600937520169	Z1II
-22,039784753227405	0,3566842287466655	Z8VII
-18,875760331067887	1,0209433097275493	L3VI
-7,058820431746012	7,2219082920232855	Z9II
-6,736661330778338	5,850650034495549	G9VII
-10,204650344930906	7,424849295862259	J8I
-6,751461165282033	6,984869659343547	N1VII
-21,176995813878193	0,5775231992388921	Y6I
-7,018179794569689	6,95779137840182	Z4II
23,258946831205822	-14,704992643428815	Y9II
-22,719289031311895	-0,22928006730044176	N3III
-21,75684181817989	0,6608192394007792	G4VII
-8,251421859817913	6,097285881162728	Y8IV
-20,70311335488268	-0,15730683020254582	N3VI
-8,17890623750436	7,853144509480323	G2VI
20,581820123662556	-14,993310013424194	S7II
-6,635895260618574	7,668902219645297	Y1I
-21,18392767854209	1,6675956073184792	Y7II
-8,888261570127648	6,274039049727024	Y5III
-6,4785097550042074	7,5824956354421476	J7VI
22,749598466275764	-13,6026029024938	Z7VI
22,012063519293086	-15,297542218399744	N3V
-7,349916952781445	7,9492367954609975	J7IV
-8,716872560751726	7,871649217410786	N5V
-10,572822203085229	7,148408455704505	J5I
22,326051972281075	-15,650340888556283	J1IV
-9,705705159602743	6,993812937304713	Y1IV
-10,412946820304867	7,061238622423085	Y8VI
-7,225407874238751	6,870104148574678	S3I
-8,826826248908084	6,238497537853263	Z4III
-19,174273688612054	1,1166688524117288	G1VI
-9,160384748731165	7,606253647154727	Y1I
22,07650673153375	-15,358189069084519	G4VI
-19,809892553596324	1,757064555764001	L3I
-6,314594943664423	7,892515191763049	Y8VII
-7,160158012952069	7,216505063488699	L9VII
-20,05645538976536	1,8247058581489919	N7III
-7,7675895200328675	6,9471134138313575	Y1I
-22,292869971421332	1,9617948871647461	Y8V
-10,422911678778636	8,039050271903927	L3II
-6,179567121769867	7,3463907982206305	N7V
-10,378030003342547	6,257933215362377	L4III
-6,670438924903354	6,968194363283619	N5I
-22,478919715199424	0,8280098033584014	G7VI
-6,89458294947806	6,679337254961595	Y1II
-7,996266754475021	6,117198138582652	J5III
-18,858513538897668	-0,025068634841614867	Y3I
-9,715723684131111	6,53673628580413	L5IV
-22,366009759759418	2,014561200233733	Z1VI
-6,590421038283792	6,887489064780908	L7II
-6,926695115442298	7,0096890806482595	Z2III
-21,486610460679344	1,6822891545948198	J3II
-20,69238593303384	1,4833348342731063	Z2III
-22,24660132511088	0,0011115911929308608	Z6I
-8,607644622120912	7,485432472336348	N2IV
-9,189875083231207	6,434890898821886	N9IV
-7,458272324106119	6,303261022101642	Z7I
-20,68690762141607	0,6905832072609914	S2V
-9,663523058902891	7,253818935779628	J3VI
21,959100234666362	-15,38594907884621	L3I
22,78845099099263	-13,745250296636163	Y6IV
-6,459078921605424	5,841040892758392	J2IV
-10,146884935850348	7,5323078426358645	S3VII
-10,409336238820426	6,569957902249432	N5II
-7,500504936273506	5,924277454933325	N8IV
-22,694172413544752	-0,20169044638814343	Y3IV
-9,069763359696257	7,130156630405471	G5III
-7,7359541940345355	6,887465215615798	Y3VI
-22,047992599355233	0,734233546368072	S7I
-8,085569365101389	7,636266293107263	Y7VII
-7,499537095771476	7,689398344361214	G2VI
-22,03854179260943	1,5096432000535887	J2V
-6,715712914136803	6,134383570095156	N1VI
-20,981948956122267	0,16291063565759545	L5I
-7,571154808798143	8,151192496160082	N3VII
-10,293214334821158	7,861726710978152	S5IV
-10,545841619420255	6,843003374535447	L4VII
-20,944792917100443	0,487074336980738	G3IV
-7,306724939923271	5,794535773899008	N8V
-8,767992999010115	8,153570341504054	Z7VI
-19,312384450412065	0,6027473672432415	L5VI
-8,003882515527634	5,9368113532360915	S5VII
-7,390994248283536	8,026698246733945	J7III
-8,640756017769847	8,211845376245423	Z4III
-9,524389646332235	8,062883398153577	Y5VI
-6,039516866581461	5,782676029991907	L6I
24,174870225124387	-14,858491994414006	J5V
21,939937828227286	-13,780797093630172	L9VII
-5,965071348888003	7,549693545371712	J7V
-8,012289059230707	7,948025446008635	N7IV
-8,685187806964054	8,201932212296654	S2II
21,788301069753444	-14,824668072622586	L6IV
-21,599813003542476	1,0905680170721768	Y3VII
-8,759400587614756	7,520011603288104	S3I
-7,817392146315088	7,439826246623614	N8VII
-6,902152615610834	7,357500133574843	G2I
-7,825413409367759	6,271593794628118	L4II
-19,19498162389961	0,07026457120895724	J4IV
-9,808820204965553	7,855150781879415	Y9III
-22,39391692182549	2,440377758271624	Z2V
23,239863377757423	-15,53882869494607	Z4II
-8,436486608124852	6,813825045599798	S2IV
-9,095320626091983	7,57896300006313	S2III
-8,091875170139058	6,28347467141123	L8VII
-9,59720585742008	7,736748778945961	S4III
-8,314842715233652	7,28777320252336	Y9V
21,997505026516887	-13,601506687442118	S3III
-9,584930587388506	8,012954902926987	Y3III
-19,87704193301331	1,2878111249433903	L5VI
23,13192432197552	-15,244202314119292	J7VII
-21,67754543957892	1,111970498845695	G3V
-8,883852905106437	7,958859518455639	G8VII
-8,610360605038245	8,154540751991517	Y9VII
-5,931295666482685	7,047831267740355	J1VI
-19,056287809424248	1,0416803634509164	Y8VII
20,494472632556697	-14,433343038659	N6III
-7,901879968344498	6,07109549705496	L1IV
-10,07237305748072	6,363826243170743	Z3II
-7,266799061151699	6,84359071627489	G2I
-9,33123479088723	7,469515418862916	J5III
-9,041125094103275	5,758767491495404	L4VI
23,112649811197116	-15,596531664119237	G8III
-7,348114270511942	7,6385966447515194	N6IV
-8,881675038036578	7,066355471696777	S6V
-21,70025854878734	0,4349677194977689	Z2II
22,109394544695853	-13,802364778881548	N4VII
-10,341608518858745	6,896417202507365	S5I
-19,84880162889794	-0,45281348399093246	N5V
-21,973371583537663	2,0838023320334145	L5II
21,95787343370127	-14,000984560147208	Z3IV
-8,959241513891115	5,902367874806643	N1III
-6,6608677675600445	5,912501485930423	L3I
-8,938052011330303	5,711889477602709	Y9IV
-6,2625472579438215	7,293844018805114	Y4IV
23,0420070351155	-14,612307284066908	Z2VII
-6,597855076132804	7,406361711860526	Y4VI
-10,457252752212609	7,7957517436917785	G3III
-18,54240678072492	-0,1670046541801123	N7IV
24,362131057283083	-13,675016756722464	Y6VII
-22,68867074689995	0,9778745255811754	J2VII
22,33000244573791	-15,654966622290374	Z7IV
21,058738804137683	-13,70780623512257	L4IV
-8,246219184491256	6,28307694690584	S7VI
-20,47740825828558	0,010224358346276219	Y3V
24,131464016353764	-14,181666005354337	G2IV
-20,15405348107017	1,49860683290636	J3IV
-18,78268696447877	1,4003118743763636	J8VI
-21,412096768811757	0,6794750682731163	L9VII
-20,609403056248595	-0,0247465038195539	Z7II
-8,992479820922426	7,207718671672229	Z7I
-6,692505937232778	8,263206311105959	N5IV
-21,806528934202916	-0,29731361636783293	S4I
-9,394450603672759	6,983977300061198	G1IV
24,22117962560435	-14,462071120686172	N7III
24,26154150442528	-15,079710768537746	Y2VI
-7,852190377853995	7,638020499668727	S5II
-6,835376958261863	7,500706034700733	Z9III
-19,28643877340155	0,5831791747534629	Y5V
-8,477490672800654	7,462887855562679	Z6I
-22,259052225744576	-0,15006495940229686	L6I
-10,313784631178047	5,977434815039039	Z6VI
21,0576359991313	-13,893602655886456	N8VI
-9,505457981798136	6,353477907037062	J3VII
24,074606090927567	-15,492753503764614	N6V
-20,428774407174792	0,475597234570479	Z2IV
-8,606089502093285	6,534897772456083	G1III
-8,880943293741264	6,919031299417492	Y4V
-7,340691867344679	6,6901873809197046	L8III
-10,304341478742806	5,75212780526635	G3III
20,639648808534194	-15,327121784864003	S7II
24,19512196205126	-14,127188815652797	G6VII
-22,630160570318843	1,9947804598155245	J8III
-8,598139044096827	7,554943185557316	J1V
-7,09636781803874	7,032081223272844	J5VII
24,306174214226353	-14,669762153264497	L1IV
-8,806215335444007	7,0514898837572435	L2I
22,037031016290975	-14,396677448569069	Y1I
-8,195702753185762	6,0455745411126145	J8II
22,62747998996853	-14,58171151259707	J3IV
-7,446728211791028	7,063895644902458	Y1V
-9,13710519334103	6,262409833369699	Z5I
-8,697194344960709	7,875889085725451	J9VI
20,54253340706538	-14,788765595426728	N7III
-18,649875086266796	0,8862036595803342	G9I
-5,857101699846198	7,461231049317089	J8IV
-9,563221770946193	5,723807533911713	S8III
-9,018430085870706	7,5766605921429235	J3V
-6,467463090457549	7,791116678566841	G6III
-6,579070935804902	6,677221610604271	G7V
-6,256141634367341	8,052385486554709	Z5VII
-21,64879584544363	1,385345402645073	Z5I
-22,575201467302026	1,1893680920363754	Z9II
-9,754696869171216	7,776660662023743	J5IV
-6,112032527001091	7,997302522266075	N6III
-9,855359043362771	7,280285439528694	Z9III
-5,877004745845793	7,497945203301776	Y7I
-7,346087212607541	7,169154364445938	J3V
-7,458299657816648	7,127154265120327	S3VI
-6,281133282123955	7,4169788925578395	N7VII
-8,023160518039136	5,969771375395817	Z4I
-6,668838069213722	8,12854671501001	Y4I
-19,66471145551006	0,29668483252814337	Z8I
-9,59859331316159	6,323847338850609	G1V
-6,592611157427954	6,1371676948463225	Y2V
-7,0910828111048545	7,921569582304221	N5VII
24,282952351519693	-13,673440892927395	J5III
-7,341558623340923	6,509128057526479	Z3II
-8,354112259234993	7,018158089141716	Y8VI
-8,883102038972979	7,9146393817693355	N3I
22,457127583326514	-14,24803430434919	Z5II
-8,535079414546024	7,679331297457912	S9II
-10,796094647112929	6,191571773714277	G1IV
-9,24102121739961	7,030784227381129	Z1IV
-7,252419064657586	7,6724485801913245	S7VII
-7,610599775902271	8,262520988822867	L2V
-8,240061630820758	7,9840424700655666	Y2III
22,77556567014249	-15,053503950998557	Y3III
-20,703856540687525	1,3978544505572166	J1VII
23,73150236571702	-15,430571309833528	Y5II
-7,361491253704376	6,091836646709656	S1IV
-10,472470301845654	7,988184549593814	G6VII
-9,941835178894987	7,922761293961879	G9VI
-18,98368681042452	-0,4050134106223544	Z7V
-8,478712335180507	7,621960446905705	S3II
-20,48692159757209	0,7318206256415314	J6IV
-7,394260148160088	7,494770342451338	S8III
-22,24532306540466	2,1700977849493723	S8VI
-6,6589082214628315	7,752655934010553	J8VI
21,890448020240253	-15,125685410856661	Y1III
-20,116741423692197	2,219761052592916	S1VII
-22,740185725167205	-0,3908599755540509	Z1II
-6,0475115268942	6,7206393761662	J9IV
-21,80695780635452	2,255343428717935	L5II
-22,785385703608508	2,2345369254155756	J8VI
-6,537674602347202	7,057710884405459	L2II
-7,072991304868491	6,632480451224453	Y4VII
21,120862233110188	-14,34829959553306	J5IV
-8,547679842661923	6,828575873997112	S2II
-9,08435691745823	6,737807017717914	N2I
-7,299330558084267	6,750194842084167	J6V
-6,054028616960703	6,582258748598051	J9VII
23,235624588437954	-14,558322553518718	L5III
-6,957495198313892	7,771067287738447	S7VI
-21,419579136910755	0,33006052111008	G8IV
-9,723032572775082	6,235849057866363	S9VII
23,993977395179936	-15,407479143752324	Y1V
-6,31790240300565	7,706235783604145	S5IV
-8,436379930747474	6,191467311664045	S7I
-10,74081071385233	7,706578265083547	S6VI
-6,937229259258809	7,96229604212972	G2II
-6,932155193221805	6,374890827690139	Y3III
-8,75636125641536	7,343859785479948	L3III
-18,77690745527345	-0,16875402856474625	Z4II
-7,374528873933448	6,714736662998751	Y6IV
-9,144323757543082	6,820646844459283	J3II
-22,54813038226631	1,7304888154425904	S6III
-5,973282108707269	6,746667825337359	G4I
-6,208241166908869	6,720183472444864	L5VII
-9,555531406851907	7,984496888982418	Z6VI
-6,9912454748834305	7,822069427096227	G8V
-7,096062580115662	8,072248260178473	G1VI
-7,806863196149048	6,1095892618073	L8VI
-20,14350085704783	2,1451787071153188	L2VI
20,446677037099345	-15,290640692815868	S2II
20,815252985095334	-14,22423962615044	Z6VI
-18,853773114112993	-0,3946954914682668	G9II
-6,923604293868991	6,390440244196041	L2V
-6,364590889285424	5,979143458739123	Y5II
-9,646961826086308	8,13100053876795	S4V
-8,099738107280526	7,250247977988318	N4I
-21,610057207700347	0,1739001329411517	N7II
-7,813093529007302	8,006463887024381	N9VII
-9,032702605158066	7,56321693554986	Y9VI
20,93762744320022	-15,578287484603726	Y4VI
-7,113206416291068	5,761948394257121	L3IV
-7,647475035996951	6,1599030872708225	J7VII
-8,508935543641723	8,019807183681888	S5IV
-18,704491319537325	2,383703251099547	Z1IV
-20,458922445333084	1,7501139628718614	G3V
-8,042455688194746	6,104554347025666	J2VII
23,733549417530234	-14,586445422591243	Y7VI
-10,252351467337647	6,776996792334442	N8II
-19,229792888221755	-0,30016593060457974	Y4IV
20,70844863457856	-14,016035784695209	L7I
-7,890577851433684	7,36356760693488	N8VI
21,362346058375408	-15,392781867907143	S5V
-6,780654988955227	8,088982200607763	S5VII
-8,43106956756852	8,103652747783876	S1IV
23,676936140697244	-13,766356682031134	Z5V
-20,769381922829975	0,26259925367214354	Z9VII
-22,64475500737152	2,3953325748075978	N8IV
22,185504935474682	-15,33815309227224	N1I
-8,845273235642198	6,5242020223432835	N9VII
-21,3237108250534	1,2830985042069276	S4III
-5,917568757326071	6,58480042987173	N2I
-7,759308636511095	6,1015621305313275	J6IV
-6,9958684407562	7,551217545852847	Y4III
-18,700560985568522	2,219028514466588	Y9VII
-6,836217223506924	7,570784648405072	S4V
-7,385235746174046	7,7272087791630355	N7V
-9,536210064719084	7,460445100935129	Z1V
-10,66181733186234	7,715558203430618	N1VII
-19,48887030776541	0,9949952570316625	Z7I
-19,46508578508996	2,391118489958558	N1II
-9,755301076250024	6,545776166289701	N4I
22,070634476958087	-15,024057598771794	G1IV
-19,319055487544745	1,9810472139968074	N2VII
-19,407349844830904	1,0114001943857085	S8III
-9,046314708026543	7,608538795813653	N9V
-9,409083081476256	7,87253714874099	Z4II
22,818797105656273	-14,673574776773878	S4III
-8,831000470478454	7,673513261850767	Z7VII
24,29868568090473	-14,22016077695558	Z3II
-21,553558208054294	2,419006371021391	S9IV
-8,920229394810818	8,02161116316257	N6IV
-8,887503165430875	6,295420774228706	J5II
-18,602870920000854	0,3942474739663908	S5I
23,543635361383174	-15,1461771741204	L9VII
-9,477203292949962	7,440791458044309	J2IV
-7,895408649683926	7,137455532208323	L4VI
-10,449229034182771	7,241983088458388	N8II
-9,662144704703527	7,098290231353681	N2V
-7,675469190860625	7,3694336900234285	G6VI
-10,047658046851161	6,352988531120308	N2V
-22,34772877840404	2,3441350967274177	L9VI
-6,015674170929777	7,0298513609640665	L3IV
-8,08459997319519	8,026356826596343	Y4II
20,941663976016876	-14,251052357012348	J2VI
21,209922107105204	-15,040681906520067	N8I
24,10052497636385	-14,615394115044165	Y5III
-21,081162698677396	1,3922627139796886	G1VI
-9,041909721809441	6,4570406762665336	L4VI
-10,42008186415755	7,556274082961795	G8III
-9,730246600791167	7,469037417943034	G8I
-20,621489686131508	0,5623784964937144	S1II
24,399674793839974	-15,582431887511255	J5V
-20,806341576604517	1,6491536772117248	S7IV
-8,76318647518926	6,520687184360782	G3I
-7,10622896792349	5,9034689741126956	J4IV
-6,141846995701161	8,074982852570699	S8III
-10,117051006225509	7,7531621561038655	Z8IV
-8,411828239293449	7,317225754103831	S2III
-22,908224965862136	1,7111660827274588	L5VI
-21,05374882006524	0,12240303541533348	Y4II
-10,043111041134711	7,315532860673929	L8V
-21,43202799788734	0,7136089009549311	N3VI
-5,972683079763261	7,518146163724921	L7VI
-22,286768706270003	1,1093617352016216	S5II
-6,429193330272268	6,2340288580110315	N5II
-8,3267311530161	7,759840412028567	G1II
-7,474898986005803	6,4973815654937725	N7V
-8,431323582922651	6,8551752789902665	G2V
-6,13150042647353	6,89526461200085	L4II
-20,06967705674368	-0,2331285121839134	S5IV
-20,05629143872205	0,42131337105073174	N7VI
-9,818901552440417	6,028439426041185	G1IV
-8,915418328133269	6,058569648404931	J4III
-6,045285355247797	8,067973143719902	N5II
-9,642780614603582	6,948457352423867	J8I
-8,813641676583693	8,112505383394875	L7VI
-10,599926442326382	7,4977367650425375	N6V
-20,757568777975997	2,253256974807125	J4V
-10,025193074558008	7,597769974109812	J6IV
-8,99819286843309	7,6490344535726855	N7III
-6,577318549853928	6,3154760051062455	J1I
-10,358840146309541	7,9543075605526115	S5III
-6,52506233983742	6,960748936123655	J4VII
-19,68185165558179	1,9504591841745647	Y1IV
-10,417040644329244	7,480313005749828	L5II
-20,524745615474497	0,9446068416087581	Y3I
-10,671850867511193	6,002522970008436	S2III
-8,298170041279455	5,850435389258904	G8III
-6,059491894139245	6,475644614751365	N6VI
20,54904251493267	-14,32058733390663	G4IV
22,755459720001102	-14,773557061380606	N5III
-7,944607150765928	7,887123256772575	L7III
-8,269619260164777	8,25615976593323	N3IV
-9,224124666423027	6,984333471548045	J8V
-22,647064521097473	1,5982722948260568	J1II
-22,27615893197869	1,2771591028058864	G7III
-7,675402267940351	6,205945697487605	Y2III
-10,766604460717002	8,309357623869353	G5III
-10,675094406813542	5,775506422259834	N8I
22,464996746795848	-14,140761765629927	Z4V
-8,21055584882464	7,124833426395224	Y7IV
-9,798478470906083	8,180355177960367	Y6VI
-10,302498086587471	5,731991416011286	S5VII
-9,716099195288022	5,749380668477957	Z3V
-22,09179339387962	2,350891415950408	N3IV
-7,085620137650656	6,748379667637584	G3VII
-18,70043918630887	0,13742556145639628	Z5VI
-22,307061205228536	0,5298092467020481	Z2IV
-8,884250809995287	6,088370122396656	L7II
-20,361435056040968	0,39484817137488826	Z8I
-6,09774505067663	7,237201992295894	N6V
21,706601736379312	-15,441038326703893	L9V
-20,336725449598053	-0,11706209925274252	L9I
-18,971386347378363	2,018328901878398	N5VII
-10,091830121174846	7,640174319124942	S9VII
-19,257863724202725	-0,31439822273798484	N5VII
-20,40650807172784	1,4088733990373008	G4III
-7,324325632572707	5,707791733906521	Y9III
-7,743700564555542	6,5709050678233325	Z1VII
-7,518337338848039	6,0480326388564585	N9III
-10,217966348495008	6,455389410770784	Z2II
-18,91446505738919	0,965507295744223	S2II
-8,393272943492082	7,413091252114132	G6II
-19,171393299131044	2,082892609527825	Z1I
-21,422860143495964	2,163935803248328	J1V
-9,272306617834294	6,7487732110200955	S3III
-9,822526742181113	7,403460003671257	L4I
-8,814186395676172	7,710908559917117	J3I
-8,9533345041758	5,6914833122856985	N4I
-6,521895721687631	5,709463085506788	Y4IV
-9,178886445247727	7,706801073119044	G4IV
23,195331021938635	-15,471059159308977	Z5VI
-10,29738805757724	6,632860968564166	J2IV
-8,819275577895727	5,799767650255765	S7V
-6,814379042381145	6,887432818671975	J9II
-22,116715759584192	0,45413103507754593	Z9V
-22,226582330663547	1,2450397996275162	Y4I
21,679390538901487	-14,005539921201539	S6I
-6,340261671717333	6,035585607693624	G8I
-9,600934758627488	6,940191294567196	G8II
-6,801046602481703	7,599237342748	N9III
-22,091834775042027	-0,32488991499662234	G3IV
-7,736382072570988	6,095169636902779	Z2I
-10,380573910665483	6,605447050773506	N8II
-20,343032648335328	2,0202873149138894	G2V
23,44839884863693	-13,664389422234999	J8I
23,943933122714977	-15,106012501499219	N6I
-8,983846128306702	8,26256147937847	Y7IV
20,572124098869914	-14,08453251948531	N6II
-10,812173630297421	6,24785070804415	Y4IV
-19,715873983722663	1,4281030832091663	S8III
21,499351949821843	-15,226190982403676	S1V
-6,640603750312278	5,775094821942378	Z3V
-8,10910060255016	6,882516643577358	Y9II
-8,741760551758786	6,484608549658708	N1IV
-9,894052886586968	7,119674552124761	S6III
23,181836182375317	-15,075484437461672	N9VII
-6,258634629093174	6,294553875603537	J3III
23,3874438602096	-14,651606866200915	L3VII
-10,602939084937706	7,056167164347479	N9V
-19,84494170015913	0,3863067052928102	Y6IV
-21,769656434957568	2,0742449593608656	L8I
-8,45030377446289	7,457081035111903	S4IV
23,63179141859156	-14,330358536723775	L6III
-6,860710032283265	7,315194013924185	G7II
-6,65756296135524	7,874108573607922	J8VI
-10,76696484145661	7,361749819855408	S5I
-10,481279554395238	7,558155358935268	J6II
-10,036605011504145	7,640157635930732	J8I
22,68944879761883	-15,034435278017364	Z2VI
-6,897302352630936	7,370986234564729	G8II
-5,872284756703641	5,957955880335466	G5VII
-10,322936775415684	5,81242546395458	G9VII
-8,05115746211137	8,303222240452104	Z1III
20,386900823886858	-14,723650289211065	S6III
-8,287330153621063	6,280830433408544	J6I
-20,911850396448486	1,348084148792452	J3I
-7,752890638728424	6,89936951928522	G5III
-21,60698241593802	2,4192358049409846	L6V
22,688964196273396	-13,864953520961999	L6IV
-7,853432296822546	6,559682252651235	S9I
-9,148961932546412	8,122122014572517	N6I
-7,4189287495348655	6,357537781500364	S2VII
-5,978204408740745	7,274721399015494	G4I
-19,58011569403538	2,049406114836879	L1IV
-19,849038295441304	0,06002119452974153	Y7III
-22,37326110216619	1,6350745520202292	N1III
-8,563569469017116	8,07314838508323	L8V
-21,19550243868434	2,309733249840793	N5VI
-6,395960688327025	6,535473394061058	N2I
-8,581251947166518	6,297778355466374	L5VII
-9,111528172121792	7,525575687555574	J7VI
22,67259550119519	-13,993285733920764	J6VI
-10,317141171287192	7,862825785670883	Z5III
-7,600414049835658	7,140725030898134	Z4I
23,988477906544748	-13,9832490352492	S9I
-9,123152422812668	7,816074235811584	G9IV
-6,24149142419946	7,316354378439054	L1III
-19,70842671569169	2,2816629962881345	Z6VI
-22,59096184314907	1,643235918380994	G3I
-6,315998665070962	7,275064517478397	Z7V
-18,603694379142517	0,5973049828372095	N4V
-22,861539117064417	-0,3316537057543032	G4II
-6,077989546728068	6,3988194090101445	N4II
-9,44442310462371	6,5187545560821984	N3I
22,53335585254397	-14,426378304461666	L5III
-6,853932508597117	7,108967969906837	J5IV
-20,66744998501035	-0,004688659016003516	N4IV
-20,46627484795694	0,8806577482145468	G4III
23,10928249205398	-13,875945756372149	Y8VI
21,63575918421504	-14,5404229534852	N7II
-8,625264668730125	7,5124865033854435	Z6VII
-7,510763645949112	7,224114543211957	N6II
23,795885688817407	-14,702532693967129	N3VI
-10,581591643547885	6,985230692698904	Z7IV
-6,0494057886464665	6,348698967917816	L1I
-7,4981789927219324	7,845281750251106	G3IV
-10,402667622178008	5,965640682430654	J8II
-10,232792828212357	7,5810780236747926	J6IV
-10,428937458027493	7,885543114819155	Z3I
-7,375381452984316	7,152711448220505	G2II
-8,871875586379742	7,808074827811586	Z4VII
-7,778867405301113	6,47193089194854	J1VI
21,460724895658515	-14,817211799454219	L5VI
-6,867075191732002	7,850745005361041	Y5VI
-10,76789137731628	6,352338503314147	G6II
-10,699816313198875	7,466307959636296	G6VII
-22,010510487900145	1,4487113792735347	S5I
20,385957342761223	-15,620556572947653	Y8V
-6,938601610778051	7,993307529103996	G2II
24,31950883071185	-14,272252795647812	L5VII
-6,250494717388343	6,606279694952339	N3VII
-10,359502570185837	6,8347342862671425	Y3V
-22,228732734904256	-0,17640549574026637	L9I
-22,32948748173834	0,16241865454867654	L6IV
23,60997889870624	-14,371123816797734	N7IV
23,1238384142514	-14,545769911163426	S8IV
-6,740093700740196	7,786261811733881	G5IV
-9,36231077187138	5,800111712525806	Z2I
-10,629074229801489	5,900956950476632	J6IV
-10,464725478460014	7,029720125826844	Z2VI
-9,769954642858508	5,98514720517888	Y3I
-10,618000548609395	6,887372438742144	L9II
22,16439628620983	-14,739612387132611	L9V
-6,784414243206489	7,113458570024559	N1III
-8,933208547099937	6,724218688346674	N1V
-10,314410616273966	7,351192454828607	J9II
-18,578198087811074	1,0262251864670138	Z4VI
-8,744350771179686	7,139838249800562	Y6VII
-21,940829503084213	-0,3310954527093428	L1V
-10,652562711789383	5,889322861854886	N3IV
-6,710152217105278	7,483568083131747	N4I
-8,51705210816322	7,4938124547806115	G3VI
-10,353163672820221	8,145856864593984	J9IV
-10,692366505538125	7,009479957985636	S3IV
-10,694279612133899	7,646149851403475	N1VI
-6,485919352916935	6,6687487116308395	Y7VI
-7,816294054630186	8,163009120804244	Z1VII
-10,295901889109157	5,836888719825926	L4VII
-21,62961413289661	1,0662072691856272	L9II
-20,515193648630266	2,4471846820558083	Y5IV
-6,170108603172906	6,3786624717286395	S1II
-6,722807544173592	6,900924393194066	Z8IV
21,58119580490823	-14,388955803314651	L1VII
-18,65255368747596	-0,042069358717790106	S7II
-7,181134881022578	7,096558197162501	Y1III
-20,21518205722987	0,21973153750655283	Y4VI
-6,41762254316101	7,857221471209765	J1VII
-9,538892913530113	7,206474079448597	S5VI
-7,459609140394241	5,93860311337014	Z5IV
-6,4338045116817595	8,214676870488038	Z7II
-9,084130078189212	6,5769152724678435	L6II
-7,982455024127182	6,105781413189	L1III
-19,335543472392317	2,315094888153072	Z9VII
-19,497370006833513	0,10148845519166094	G5II
-21,453874112418674	-0,023601109065274684	Z2IV
20,88013541511345	-13,819622359949793	N4VII
-7,060701117781456	7,746456398110896	G8II
-9,818735461015454	7,517378289995521	Y3I
-8,985347473381884	7,213943282065273	Y9V
22,72027874976574	-15,3822749437801	S2VII
21,61157112233275	-14,164522516714051	L3VI
23,58804619084355	-13,878164791943084	J8IV
-8,373811455910994	7,041321326264431	Y1II
-9,292418889907438	5,710891777290539	Z5II
-7,439975953446547	8,16965074751469	Z5III
24,07211050576758	-14,757135904353595	G1III
-20,181329799962413	1,9282606144441778	Y8V
-10,704924466748635	7,4275895079680785	Z2VI
-9,478043196973772	7,256718597218151	L1VII
-9,259447481703242	7,46626046019673	G2II
-19,08088257043231	0,4469280137175332	S4V
-9,752443157419489	6,063618314459422	G6V
20,798101620224774	-14,475034731497493	L7I
-9,646750538901165	6,804755217957975	Z1II
24,045861488319684	-15,136046299664693	N6II
-8,110027676149995	6,919425401612592	G9I
-6,533981648728975	6,659781698075725	N7V
24,312802037668217	-15,57182344530012	Z7VII
-10,482186099561241	7,865153332992195	S6V
-7,67821435041254	6,383506163104312	N8I
-6,771025090525027	6,961785063455464	Y4II
-7,718160594481082	8,053623762528666	Y5III
-9,986467938820399	6,975288864959664	L3II
-7,7667918480542095	6,8301482864835545	J2II
-8,875512880267207	7,079350032811998	G1I
-21,6078948113495	0,9582524447906864	N1VI
-7,774595920773862	7,508475171801762	G3IV
-8,646321084317929	7,171903473011981	Z3III
-20,402694017331324	1,8963073725040183	J8IV
-6,226143045044894	7,46963585905832	N6III
-6,05984209352835	6,600475224032201	N4III
-20,40548463381101	1,543815933213496	J9III
-7,487524646561635	6,944910244765152	L5IV
-6,256215702028852	6,620376305545896	Z5III
-6,154703323249142	7,0282225374720415	S8VII
-6,623986369391797	6,65599825657474	Y8VII
-9,113440758249702	6,90603267269502	S3II
-6,331888374340546	6,368804677799365	Z4VII
-8,744271692631747	7,796326682464204	Y4VI
-9,668088705817429	6,195654427292247	G9I
-9,146916153747188	7,829019431542337	L8VII
-10,779956573029466	5,7938518208948695	G2V
-5,89693742022116	6,0617400756876005	Z3VII
-7,593647085259278	7,338753228608976	G5V
-6,858414639760129	5,913456511645237	J8VI
-19,082165756621627	1,7445727289225748	G2IV
22,440749715316485	-14,710361836716414	J5VII
-6,275574233990968	6,8198610546769896	J2VII
-5,970081218458948	6,9025422774517935	Y1V
-8,395344314081296	6,145411161334431	G9VI
-7,7615120762104475	7,827365987041857	J6IV
-20,096998626599717	1,405548443513388	L1III
-21,785428579651693	1,9430485251333487	N1II
-8,445173712572783	7,374419865362014	G4III
-9,449108068360143	7,955630971529805	Y6IV
-8,413390109501726	6,930852212145915	S1III
-8,308517707553165	7,593548526142705	G8VII
-10,40443290762685	7,9159370614375515	G2VII
-7,38301818612586	8,007879875590216	L7II
-8,752919360770106	8,059801759112005	N7V
-9,503005093960823	6,178268934698409	G4II
21,181776585444396	-15,308684672979181	G1III
-18,744051628303907	0,10351557173379056	N5VI
-8,601223718669356	6,097051572275402	S8VII
-8,896572182685981	6,130968068163862	N5VI
23,61127562450558	-14,31456124657896	Y7I
-18,82645194297575	1,5924991699872033	Z1V
-19,397237743047853	0,7580471068554488	G7II
-8,231982031671881	6,819965994361337	G7VII
-10,352229571809797	7,9462402737310835	J9VI
-20,72023275134614	1,390265065975355	L6III
-10,330966117306861	6,011783413475551	N5II
20,653692853574114	-15,502691763585931	L7VI
-22,87394144819784	0,3349143441652722	N3I
-5,988030929100212	6,754083260163631	G5VI
-10,564536032316573	6,041860904149113	J9VII
-8,321208081453694	5,969645668222772	G4III
-8,80755474451927	7,7185150267196665	N5VI
-8,314476300004921	7,347274922071763	N6VII
-10,79346673643122	5,9119813901763765	N3VI
-21,410641227726707	0,502931788466027	S3V
-10,648843650587152	6,885686062686069	Y1III
-10,558340860541438	6,008828810142175	N9IV
23,825710211527383	-14,429811000495999	G9I
-6,826884475952227	7,466689232079129	L8IV
-6,20355764649369	7,6474725468189755	Y6VII
-7,972527665896209	6,211652491939102	G3IV
-10,61942371201042	7,59902516111253	N8VII
-19,947242230481645	1,8473616567895796	L7II
-19,7185309188837	0,763746595322031	G6IV
24,380304497592075	-14,95574310692283	N9VII
-10,145063853299764	5,93978511542942	N6IV
-8,017664407493651	7,938176056757888	G8IV
-19,61989945595118	0,4909813867778221	Z4III
-22,06161905937979	0,9629796435609872	J9I
-6,226634690705753	6,258335516295108	J9IV
-5,8850439864990545	5,955134333950281	J2VI
21,148251023364903	-14,820751642589347	S6V
-9,391753921015297	6,260967991019981	Z5I
22,398119435664697	-14,311293100613785	L6VII
-19,048545096327224	0,9280035362344194	G9VII
-20,44554593545541	-0,1641340554655641	Y1VII
-18,921128107514757	0,28526419695033944	Z5VII
-10,084212075780847	7,187982216683829	G6VI
-7,104860907149149	6,127620830124076	S6VII
-22,10618182442443	1,7854889714303777	L7III
-6,677348117726234	7,653965019665441	J1V
-6,236605993053834	6,119299512202003	L1II
-7,435082236802467	7,207614319002123	S3I
-8,868930657794328	7,953851051289883	G2VII
-9,285562427921462	8,231353907801836	Y9IV
-20,883499803719722	1,992281031143629	Y4IV
-10,564598983187906	6,354764944916466	Z7II
-22,865213939898933	1,2362480969417142	Y6V
20,682302445102817	-15,211265118012893	J5VII
-22,29898757523939	1,9400091676561335	Y4IV
-8,051456289176684	6,90360697116729	N3VI
20,459241540832526	-15,117148878214564	Y9III
-6,069195332971104	6,742789496104873	S9V
22,199440320685213	-15,649245820036299	L7II
-7,925412707364124	6,470180068271699	N4I
21,882150046878987	-14,233326852512832	J7VII
20,937922833209345	-13,735062405313005	G2VII
-6,399152706016051	6,98705441017082	G8VII
-7,285355018771224	7,8750568607311155	J2III
-7,48621357359089	6,404672640245095	L5V
-21,21470207167716	0,8991189942822355	N8I
-22,842065237924604	0,1641146283088598	Y1I
-20,326408166812072	-0,31300840704198474	L8VII
-8,99346987963692	8,236587075641292	Y3VI
-21,192985325244372	0,2941447141975162	S2II
-7,193634376726247	8,11483848098464	N9VII
-6,356115188775426	7,475021612062938	J8VI
-6,993852701615766	8,08597140014102	N2IV
-7,104098317611467	7,819408487192847	S3VII
23,246393305505237	-13,930573415165352	G1IV
-8,867234985713164	8,24613986904859	N2VI
-8,57110890050677	7,819636809236832	N8VI
22,0970093055391	-14,727858435864658	N4IV
-6,342297008257483	7,420124949766044	Z5I
-19,082101867682855	0,7249558319922262	S3II
-19,733233970498915	-0,24202334503834355	G7III
-10,73069953089883	7,830452046194465	S2IV
-8,646097158270386	7,554866369562335	J9I
20,48140386163823	-14,404026846792721	L5VII
-10,76759729320004	7,423340924319324	N8II
-9,023364727825584	8,304213628583799	L9I
22,55908211276993	-15,580053184780265	S5III
-8,531128557743104	6,877955117503507	L5I
-18,54613494116917	-0,4016481954624339	J3IV
22,932012825968332	-15,23602895211153	L7VII
-7,916537580606564	7,33722623581097	L9I
-6,084393901388747	7,460106048898169	N9II
-8,334156260967271	6,148967860280447	Y9II
-10,620892689467427	7,1955199685162174	L2II
-18,81920431928386	0,4878969616073757	J6VII
-7,422257396776367	7,613506915885301	Z7V
-9,660304296309288	7,464434090965219	S9II
-21,26888089777497	1,7870742644658673	N3VI
-8,760713393271356	5,764709434508105	N1VI
-19,978290684523515	1,2399128231770948	S9I
-19,121548037290847	-0,11077299532415502	G5IV
-19,47859405463492	0,5775321618640483	Z1II
-8,725032459612684	6,894059091526271	S6I
22,45824676022476	-15,508171036609198	L5III
-7,019547163994151	8,087133585697552	Z8II
-8,632296629858686	7,0686285310738715	G1VI
-5,852933178308204	7,933567048762711	L8VI
-18,61080038670995	-0,39503881009558167	L3I
-10,61972183607487	5,973832828904417	Z5IV
-10,527658755404333	7,923342068516099	Z9VII
-9,341055713878436	6,2371359715572705	Z4III
-7,4910649758101595	7,387737098055393	L7III
-9,29439771608456	6,221812471516442	Y2III
-9,180320408895772	7,18810658354557	Z5IV
-18,90967240468943	0,47447205849408636	S5V
-8,641612654132654	6,922556984847524	J1V
-6,914031137016304	6,415602720926445	G7III
-8,651445547822458	7,17316032045241	Z7IV
-7,474293927312351	8,175212132793982	L2I
-8,134252311127067	6,679109385200213	G9VI
24,2125500868938	-15,368538959360034	L1I
-19,396431397189044	1,799132930043484	G8VII
-20,52323266172379	1,1888293021557927	J3V
-6,848605095388547	7,6705732841716525	G4VI
-8,064754849153918	6,492530592577732	G6VI
-6,146096085099621	7,833652751928558	J4V
24,269919656293283	-13,575693053166422	Y2II
24,223800722591346	-15,48483096742944	L5VI
-9,34283599107892	6,874275785659575	L6I
-8,802197059801902	6,241404900441239	S1VI
-22,773328010129873	1,7203125700688833	Y7III
-7,87113523442631	7,988924147749314	Y1IV
-10,025630944628851	8,290844823871147	J8II
-8,861902282101967	6,436740983873154	G6IV
22,851765758445676	-14,15386284092924	L8IV
-10,118805264724525	7,348767775995231	S9II
-9,284445767009544	7,722599492201615	Z8VII
-8,18684630853232	7,288794467986742	Y7I
-7,026959694894417	7,0915450043654795	J2II
-6,240622989920665	6,77506739679959	Y5VI
-9,334200631952854	6,842800275119461	N5IV
-22,1262067801288	1,005682426939448	G2III
-10,224004856904779	6,766517911908363	J9II
-7,049621546867351	7,864803636482035	Y7II
-8,311330844990701	7,57380702436125	Z5V
-7,039406104082039	5,926314388909475	G3VI
-10,002490900887155	5,734664616735513	L9II
-18,47436471766717	0,46904456658606153	J5V
-19,621835294819952	0,8137752079988223	S5II
-19,004404220497157	1,9215972305040678	Z8I
-6,983359848448114	6,663324380684316	L8I
-9,17479406694034	6,973365697976491	L2V
-10,733620321209337	8,008359091799912	G1I
-5,854964882306762	6,6997213956364305	N5VII
-7,4563602408688325	5,921384274970508	L4III
-22,473473672309275	0,636918990423393	Z1V
-6,441688803808014	6,54190803697595	S9II
-8,18231987798226	5,9692565536296405	S3I
-8,623698358517597	6,091429821077925	Y2II
20,856393128928367	-14,977473427059877	L5V
23,034340383419764	-15,162059285364968	S8VII
-9,62282592228781	7,232960582947409	Z3III
-9,267191875428638	6,018691336758961	S3VI
-8,08150631755577	7,524879381899081	N7VII
24,228632255058514	-14,104965659553004	Z3V
-8,397568351873144	6,632202227266135	L5V
-7,665658678015674	6,1416380781799695	Z2III
21,980968649901477	-15,46471913931035	Z4VI
-6,645993931945071	7,219666127194946	G9I
-10,296107368784913	7,53376281629026	Z1IV
-10,16254888573198	6,5900844839328885	Z6VI
-21,331671880967296	2,3670033021719146	G1III
-8,904737576244752	8,133435164090237	L2VI
24,240154186226327	-14,870472298060525	L2V
-10,684266645477885	7,349789605512326	S6VII
-6,060897777248494	6,117886135425588	J5VI
-10,445555586548485	6,769423525803494	Z5V
22,485236249470525	-15,350391986578536	L2IV
-19,905186292988752	0,6832619161272295	L4I
22,700117315727777	-14,115856933145226	Z7III
-6,131158898008842	6,673366835280897	Z1IV
-21,92026022052739	2,1537019890318225	Z2IV
-21,12219257640775	0,8280615338281805	J7VI
-9,04346618080738	8,26001562248116	L2II
-9,210869944399766	6,666123120111004	N1V
-8,393596815005377	5,849599586190602	S5IV
-9,402362734568595	7,138085254890727	G5III
21,49490966656709	-14,028532278613628	G7VI
-8,967284192115683	7,196295069518021	N4VII
-6,435221752488253	6,293673868664235	J6II
23,423491207019488	-14,752365811208518	L3II
-10,447688937853718	7,149657784240247	Z5V
-21,190283900261853	-0,09855315525771019	S5VI
24,02567984987129	-13,8291988021422	S1VII
-8,858313282536258	5,739875438879523	L4IV
22,221130380266413	-14,308709708354492	Y4IV
-18,99986812706366	0,7419113512557742	L6IV
23,2813630871117	-13,90746684165481	Y3I
-10,02679995182789	8,222415545108177	Z5I
-7,493322584873505	6,336914940121162	J3VII
-9,602438930332314	6,617936250910632	N1VII
-7,979325036707546	6,340118181070161	J9VII
-22,268327911652143	2,2723924408354765	L1V
-21,131373820488278	0,39093965129906094	L1VI
-21,142590927606975	0,23531399077195247	S5VII
-21,716279016240847	1,4951997192585276	Z6II
-6,420253227709685	6,031566235557988	S4VI
-19,290746147757922	1,7355565762562042	S1VII
22,7189800952933	-14,479258302915284	N9II
-7,282252776776844	8,135418215364687	S3III
-7,448491713635072	7,61811853461904	N5II
-19,967857910725517	0,8649415420740938	N6VII
21,056465262921353	-14,588545248428126	N2IV
-10,787810760835608	7,938361110721626	J4I
-8,74100652994787	5,813775445205875	S5V
-7,557123626948035	6,724129439563368	S7I
-21,6208166540299	-0,127276569384851	L9V
-8,495759127823634	7,64410739398619	G6III
-10,766489853454775	6,145000083116212	L9V
-8,537847658501581	6,462601557957872	L5VI
-7,536279577551134	8,307344585104195	J5IV
-9,37636090923321	7,525639122106774	J9IV
-20,776285216529356	0,27655355126846415	N5I
-6,667058316581608	6,847893056039432	S2I
-8,220549029042989	6,153978164115805	Y3II
-9,088227150544245	5,8190445748337964	G2V
-20,63539651578194	-0,29613038609849673	Z5IV
-7,974870062121659	8,062867157324096	L8IV
-10,759755612760763	7,135920590879074	Z1II
-19,821466267770255	2,2219580129252448	G6II
-9,537320514710427	7,245997616126099	Z9I
-8,490393999493827	6,033411287735347	Z1III
-19,537820938310805	1,3916793960799152	G8III
-20,16095410714753	2,3463918564966395	Y9I
-8,530569318098875	7,836012556128316	N3VII
-9,648143226738057	7,100200443761306	L8III
-9,734817242443214	5,8176319996216606	Y2VI
-9,566633161121057	7,089581726841679	J9III
-21,52035574153086	1,193458059059878	N1VI
-21,840704632874623	0,3123117440813401	Z5I
21,337212932184652	-15,091265187536465	S2V
-9,299240438291836	7,5299775920937275	L1IV
-10,428699154389486	6,572364525096814	J6VI
-7,414209233201787	7,257441627286587	S3III
-7,263132715287357	7,905511444696969	J9IV
23,34169008279322	-15,122707894313692	S1III
-20,537865645977227	0,4864047757162486	G8VI
-9,325122046574993	6,023823214266247	Z9VII
-7,677927429710108	6,271535201609044	L4VII
-10,286766439864294	7,2149106739831	G7VII
-19,222154493159607	2,062318210260168	Y1V
-6,371026060839122	5,975365219387268	N9I
-18,62974555037537	-0,2949784967474365	G8V
-10,389232946449251	5,762120400207311	S2III
-9,909482837269477	8,214370629064215	J1II
-10,505000589006853	6,565054206854154	J6VII
-10,790087392727203	8,058609362905486	L9VII
-6,488964897027203	5,784696761999715	L7VI
-7,9809396261672365	6,972019722254738	Y2VI
-8,879401322661947	8,28937846000804	L9V
-6,706079135296473	6,072171514089483	N8I
-8,666861269633777	6,058817734171762	L4III
-8,377152234749257	7,947954418951237	Z7VII
-5,913115334746994	8,20263825573487	S5III
-7,1887458275978044	7,227859379984144	Z9I
-8,863328755479818	7,101305509395182	Z9VII
-10,42225534550867	8,122604825757152	J7III
-8,601607137796494	6,765451260281595	G7III
21,3483796679014	-14,967738757991853	J8IV
-8,342670962677243	6,817709649775246	N6VI
-22,82691929565489	0,4428108081213338	Y5V
21,06739015925448	-14,29287275456088	Y3VII
-22,926725553547346	1,2101297927924206	Y9VI
-8,065750399343596	8,085482436084028	Z1VII
-19,3179408725212	1,356360952700864	L7III
-8,97742395940191	6,934569712369516	L2VI
-22,147094758948196	0,801781153680895	J9II
21,521432873236968	-14,05149090681972	J2III
-10,11689139820105	5,808999999268561	Y3I
-19,767751779551713	1,183131988864643	G9II
-9,448350664131375	6,256891930435772	N5I
-9,38580308220751	7,394709254852155	J8V
-7,1448876431211	6,23706348078068	G1VI
-6,851794540263272	7,858250737940065	Y2II
-10,661062133147109	7,495278504280154	S3III
-10,719232331555682	7,37450765866883	S9IV
-8,340479968305928	6,696890421918603	G6III
-8,022148311592296	8,29643465009572	G2VII
21,183735057329837	-14,171093311512156	Y2I
-8,797538402528183	7,50374086272946	L3I
-7,926507287292152	6,9596815268577155	S9I
-10,813287711761475	5,954850768117075	N5III
22,170788169459875	-15,030599918364125	L7V
-20,262708753015637	-0,4819721386828076	Z1III
-9,676199867496525	7,3903166478117015	Z9II
21,02929906549882	-15,472123996721582	S6VII
-6,107203083981548	8,105704858714379	J8II
22,078167257024027	-13,828146216128344	L9III
-7,01197351449729	6,2271011774010505	L7II
-6,985406338000277	6,9913174248303305	L2V
-9,400202425058378	7,838953919475159	J4V
-10,152205597115431	7,150183303943046	G1II
-19,377630239924194	0,6973027247276455	Z6VI
20,43019541065794	-14,856240585972639	Z6VI
-8,19039637476281	8,005790304939215	L1VII
-22,412016784483797	0,21351530468484592	Y7V
-21,62004484404252	2,0595748954288213	N2VI
-10,462159169086801	7,277067387496391	S5VI
-6,858515323451646	7,382465011048977	Y2I
-10,040899693828797	6,917030632636277	Y5II
-19,754771736164926	0,6896661766155203	L1III
-7,235668204678407	6,187211530236125	G8III
-9,039025812920604	6,572364307986289	N3VII
-20,853732220233933	0,15152289397142216	J5V
23,889508760291463	-15,515481123505891	J5III
-9,44975582310151	7,042408583379001	N7V
-21,406340548649453	2,360401453299853	J8IV
-21,630534463488033	0,7281683863117683	Z6V
-8,861782069268088	7,178296920266412	Z4I
-19,96401551600144	2,377852845996199	N1VI
-8,374177325213754	7,9596682815795585	L5VI
-22,235294958901125	1,2402930737127233	L4IV
-19,264981971280022	-0,012672365124438756	Y8I
-18,704578864471205	1,5338213977287032	J9IV
24,231567042325743	-14,40510812852027	Y2II
22,736653471292076	-14,067569803514704	S3VI
20,385245658091705	-14,212956615946942	J6IV
-6,524553965845558	6,598180950552482	N7I
-5,940933238230214	7,1719600357802396	Z3IV
21,46820254222247	-15,023253164553486	N1II
-21,099639697917457	0,6308856096885649	J9V
-7,989436797867212	7,371998417394649	J6III
-7,674289698920132	6,895918321184506	Y9III
-10,06565504874061	6,8277219687744335	G7IV
-10,586949321744143	6,771086227680344	S1V
-21,909434500439573	0,6708667242944462	Y4VI
-21,851111694050324	0,8401979278258458	G9IV
20,560413218143523	-14,81623543123121	J2VII
22,053173117288818	-15,28087567491074	N1III
-20,84842730789955	2,3980318748669074	Z8II
-21,249265877659536	0,4745077621675259	N3II
-9,298372909776795	5,965272810306885	N8III
-10,159805849312603	8,03108776947834	J8VII
21,110317818881903	-13,97169462961418	L7I
-20,714417751600823	0,5826194035322072	S3I
-9,320825666623964	7,1415424367744675	N6II
-6,226421685151735	7,952041674660545	G9VI
-8,357422975395389	5,786874372428459	Z8V
-7,531009543967884	5,723125276568349	G9V
-20,70233373298859	0,7769060136313546	N1II
-10,276731731935293	8,104863908509735	L6IV
-7,430302388678422	7,063372863893526	Z2III
-6,5859833121730516	6,632029853966703	G6VII
22,63106361708268	-14,25373736006026	L7VII
-7,792234888382788	8,003754486614218	L8VII
20,678761933880224	-14,054020366555061	J7I
20,535147716743957	-15,072232872246694	G3IV
-9,105171873466357	6,646150915266447	J1VII
-6,2528013385602526	6,416291453246375	N9VI
-19,41358300084248	1,2361048214772532	S9VI
22,78527587995055	-15,505597603094628	J7III
-8,957184863725242	7,348375737575169	L5IV
-8,600874303579582	7,883911993486881	Y8VI
-8,312716403682117	7,4193108882726495	N5I
-20,669140660880295	0,8764655631656457	G9I
-9,674014323526787	6,6813775441459375	L3II
-9,615490328536186	6,451737107435835	G9II
-5,861476826311008	8,095369828741946	Y3IV
-6,789825026738726	7,25275134500263	Y8II
-10,113556902721415	6,0556260167973	G8V
-20,18964967913545	0,0168572298949915	J6III
23,298837217284277	-14,549749982191956	L9II
-22,499941709519693	1,5643382966327335	Z1II
-8,04798421196401	6,076273177143079	Y2V
-8,664944128566782	6,628489554002062	N6V
-8,42448603580448	8,17303063617453	L9IV
-21,507402139275527	0,36428996978610384	G5V
-9,304435542835048	8,253562597524258	N8II
-6,953181451044074	6,194485080692228	N9V
-7,247901391333748	6,060227996889696	Z6IV
-7,965519706313893	6,441233595371427	J6III
-19,721928706017714	0,21343555816247062	N7II
-9,357734401657796	6,497194448930676	Z3I
23,284569147291155	-13,674122120221838	G5V
23,519926036705765	-15,62513454974393	S4II
-6,565573117332247	7,002456856033582	S7II
-7,898222277650079	7,798488648167805	Z4VII
-8,389653474801726	7,996884250585531	J3IV
-6,9049259277997574	7,8042196385859635	G6VI
-20,953544904701584	0,09152756946087381	Z9IV
-10,585894706298525	6,804160490675692	J7IV
-7,354962575902398	7,544459730775889	G1VII
-7,412068678776556	6,025677515364542	Y3I
-19,05726608201189	0,7151245410340974	J6II
-22,564291262932546	0,5132592629278128	G3II
-20,198345313847053	1,2614016767979797	L7V
-21,037698384302363	0,6079515389973962	J7VI
-9,15217099540746	5,953337885276331	J5V
-6,264753457295954	6,917415585783656	N3VI
-19,89253275615379	-0,08105994837443486	J8V
21,908268532462685	-14,91683308457107	J3II
-10,025225008138472	7,078126291370467	Y1VI
-9,71460838794548	6,13626145233064	S7III
-9,11207769926801	8,112274119377929	N9II
-7,510901512773881	8,124491115032733	G2II
-6,010835462096197	8,210261112529349	G3VI
21,233237942096412	-14,656211081496306	L8V
-10,078163579068358	6,884184489050124	Y3IV
-8,23754806437001	7,011331372599495	J3II
24,081177512126075	-14,319011207558109	N8III
-8,239574514281083	6,237501657234797	N6II
21,502617970962493	-14,837865903329162	Z2VII
-22,231340365190416	2,0520416296990787	Z4III
-10,233429852317862	7,825748329646144	Z3VI
-21,256045611077223	0,20916989180019252	N9IV
-22,48067210627962	1,6594775500849208	N2III
-7,025818190929732	5,705597342632943	Z7I
-9,468550909257655	5,730860478742227	Z4VII
-6,288772363421042	6,410569019964464	J6IV
-22,263748385645737	-0,05514458059537397	G1I
-18,513486886894178	1,2782254670325084	Z3III
23,745243680924528	-14,559018907089197	L9IV
-6,977429389210802	7,060785171136795	L3VII
-10,632996418622518	5,741927588736954	Y4II
-10,145797434998494	6,819698592810306	J8II
-19,096163621080034	-0,3650486881242212	J6VI
-8,40113541039219	5,782908913866726	Z7III
-9,291133437228888	8,224167766322603	S3I
-10,267057956134362	5,700316908488078	Z9VI
-10,746048743112066	5,747557044007142	N3IV
23,85370098633401	-15,61795626944941	N2VI
-21,170757195919784	0,6654282487568333	L6VI
-20,669550255955865	0,8997917657561567	Y7VII
-9,280823180129657	7,833008774683343	L7III
-7,149554484479079	6,999613735030759	Z8IV
-9,132517647982331	6,314705267123978	J4IV
-10,147552129217797	7,101094478774846	Y1VII
-8,207047853959864	8,145838228966651	G9III
-9,86993726255037	7,504057344362113	N7VI
-10,109536607727376	6,560114688545349	L8I
22,15575087471095	-14,66173818528831	L4III
-19,101174359057147	0,7973497588728256	G6IV
-8,517141132431941	7,45248102903264	J3IV
-9,697556485412408	7,026532067951193	Y8V
22,99173072595686	-14,130622652106615	N8VI
-8,907291237352531	5,7220543442615845	L9I
-21,581967559779137	1,110032652740197	S4V
-21,36359181805854	-0,40828388466810717	Z3IV
-9,83153077318657	6,7390812027061	Y5VI
-8,570435587057405	7,715685667776741	N3IV
-8,939819335067154	5,769955631526423	L2VI
-8,409112298808711	6,586451985019632	N5II
-20,791280098331683	0,667405497794912	S8VII
21,020558783705322	-14,324802747017905	Z8II
-9,840710801336103	8,176642587706624	J1III
-8,992366238440113	7,070929959687398	N6II
-19,39069468134567	0,13828488154116214	Y6III
-22,008348442865703	1,8220971033554363	J5IV
22,99318931713539	-15,254315333886899	N6II
-6,891263565503766	7,442257481035863	Y9V
-6,181084171548418	6,149562135128416	L8VII
-6,602853069502529	7,216412606359272	L2VII
-9,607091781088043	7,043284673613373	N1VII
-6,041441390517699	8,281516632705902	L6II
-8,256678980067786	7,439438047826153	G7V
-8,963846081703577	7,634441662305846	G9II
-20,574260875761794	0,24411287527175773	G9I
23,430395919490575	-15,670376905059504	N2VI
-6,476139087248275	7,045574759161953	Y1III
-10,806518461597816	6,575141182583297	L5I
-6,689381632377078	6,146386692219138	N7VI
-22,549968545811154	0,5627766606589772	N2I
-19,93686671223152	1,9792348091919478	Y2V
-20,943778730704313	0,9614787515196144	G4V
-19,380694093017414	0,5812788409396097	N3I
-6,740240818859982	6,104437949170481	N4VI
-6,947385906878448	7,20589276669752	S5II
-9,258566464058656	5,9445785257865085	G9IV
-10,035650486541986	7,605505803802016	G4V
-8,62426413557986	5,7464753025395945	G9V
-6,797477892388694	8,170480364154379	J4II
-10,72347142911336	5,933445757587134	N2VI
21,128045070651456	-15,209672370310223	N1IV
-8,306104997002489	7,041290488035509	L5IV
-10,34762803653069	7,441631536705019	S6VII
-7,736374296707558	8,037103363363954	Y5I
20,425700699535188	-14,69872597695358	J8V
22,203827294933525	-15,23778029418387	G3VI
-9,681384676325788	8,166494063411646	G6IV
24,11362132716198	-14,023253400657026	J8IV
23,22590201442075	-13,662735418303324	L5VI
-6,491146951801288	7,896850164143958	Z1VI
-7,814914335410691	5,883813803042239	J3VI
-18,739261028182177	1,9097442120324783	S5III
-20,932395844214845	1,878500335878521	G9II
-5,93698649787601	7,405031776145689	J9VII
-9,649001329304548	6,14833537372658	L6III
23,62726480576042	-13,850329850074933	L1IV
23,48676806545442	-13,96105433032843	S4VII
-6,584843481028464	5,7923523291248875	Z5III
-22,06052387274677	0,19465453952412137	J7II
-7,995086623197089	7,551421334990297	J6III
-9,9268870455321	6,388659618702859	S6VII
-5,875952160409601	6,914780540735312	Z2III
-6,996234740028139	7,867581378959731	J9IV
-8,613699864480783	7,759974768398128	J2IV
-22,812834394393008	1,1925797781735765	Z8VI
-8,169085124148992	7,545054322217183	N9I
-8,353746389550807	6,944490916667111	L5I
-6,276725555011448	7,555993420176074	L9II
-7,930174818730695	6,281002201794394	L8II
-9,054996024436027	6,83173257578253	Z2III
-9,265382561319344	6,360288634909009	Y1I
24,143191144833125	-13,629481515751701	Z7I
-19,80630180873822	1,565795793190779	S8VI
22,8848174895903	-13,641096331242743	Z9III
-9,276414618814362	7,349385122888636	G5VI
-8,360445123482853	7,219536747967463	N3IV
-10,489474392125407	7,629894421010311	L8I
21,069625689636677	-15,44516831834604	G3III
-9,084305474583793	6,054718937720483	G2I
-7,816588802598365	5,806741697606803	L3VI
-7,301055546524128	6,2325319053557084	J7III
-19,109324811693508	0,49243274599679465	S4III
-9,53368738701482	7,018020377805048	S2VII
22,390335406733357	-14,41145638025303	Z1V
-18,532358625702223	1,61535634414873	N2VI
23,85499753153591	-15,592236528902085	N7IV
23,644661517468087	-13,588688331154799	Z7V
-6,3643759809865275	5,968774317957228	L1II
-10,295489441960731	6,610692995250943	G3V
-22,762888215294584	1,0819217745029692	Y5VI
-6,025571404255941	6,7716565503415636	S8IV
-21,63436813772057	-0,40962572531316227	Z4V
-9,517704597380998	5,949585577907046	G1III
-9,011226151366188	6,821487255854596	Z7VI
-8,028311199413505	7,861340043322367	N4I
-5,855265818425748	6,499639895605094	L9II
-18,51822170294632	0,16306851657674537	S2VI
-6,544624795189326	6,988923027068943	L3III
-9,538285713044917	7,98967828447411	L3VII
-22,560788045575553	-0,18323171377430303	Y1V
-6,769246331795169	6,776718215718033	L4I
-7,775926219436673	7,475013402606972	Y8IV
-9,61193042955509	6,854025130533534	G2VII
24,181758533502165	-15,458695569774083	Z9V
-7,302585392798256	7,968525214564469	J8IV
-5,955437371282212	7,349785876755115	S9VII
-6,254509548155532	6,071640125147326	G3V
-9,053490207674871	6,463788007079253	S8VII
-21,74609585033134	2,369833835303078	N5II
-9,855088424511752	6,813552588745701	Z4V
-22,484140911447138	0,4881366636167561	L6I
-9,731533961634547	6,144893419075048	L6VI
-6,068938736894805	6,37643509019105	Z6IV
-6,717739913942379	6,957126380640752	G9II
-10,258970203798814	6,206531736265076	L9VI
-8,680712275567632	7,2258797975467495	G1VII
-21,764440497398606	2,108120947039626	N9III
21,72805845892127	-15,171368650021007	S3II
-10,66512596304042	7,922862811448395	Y8IV
-10,821523689133556	6,342278824623756	G1V
-9,990740128016512	6,656275430314077	L3V
-9,120717682348278	6,317056890836025	Y6V
-19,821264517518834	0,38289543304994056	S9VII
-21,941361811637663	1,7072617887541919	G5II
-8,103114260006357	6,770319285390423	Y4IV
-7,415025251580204	7,342932021859672	S9III
-20,205375624156133	-0,2550512998278325	N1IV
-19,164142493531443	0,42853506545759457	Y8II
-7,34874552970674	7,243583320286864	L5VI
23,145412448613808	-13,707839471005888	S9VI
-6,686749620020371	7,824914165922633	S4II
-8,139020565928599	7,495495716593673	J5V
23,6541454277337	-14,186628900998327	Z2VII
-19,319955202599996	-0,25853187330310823	N7I
-8,597328318463589	5,9690488524439544	G3VII
-8,555489733155376	8,049155137408196	L4V
-9,59109248160212	7,125863406838902	Y2VI
-21,2065970244735	1,852588419046229	Z8I
-10,644576549288713	7,899512242199524	G5I
-22,410837730057942	1,4022521728088897	Z5V
-6,633134507338325	6,706233602733269	Z5III
-9,143358164498464	6,049605114452922	S7II
24,357341272764714	-15,649095949869773	Y2I
-22,75032914645288	2,00851976560196	N2VI
-7,367627027790654	6,090983420027994	S7II
-19,76747058476221	2,2994227536074456	Z6II
20,669450797088086	-13,78272250507212	J3V
-10,556146554615685	8,030963044786203	N6VII
-22,543414121572575	1,232289781772772	L1IV
-7,518636981083366	5,715967663689509	L1VII
-7,034463568952971	5,781430283002228	J7VI
-22,527005797210382	1,7889167957821444	L8IV
-9,659230391247142	7,919380207382422	N9VII
-19,49264682289054	2,019348928915858	Z6V
24,30371815917799	-14,724736630736633	G9I
-20,540310212569068	0,3290613060264298	Z7VII
-20,362097536686573	1,2781107953230166	Z8IV
-6,134310526034146	7,46852321872717	L8I
-19,023887326227904	1,7240434692457185	S1II
-7,888902956727962	6,631348695370794	J9I
-7,539646323681691	6,727780100296534	J1VI
22,669209717972553	-13,684419748539046	L1VII
-6,244534423446096	6,44936635904049	J3VII
-8,726220227445516	7,269021277172956	L6III
-5,996411627070352	8,26578883750132	Z4VII
21,58472436766444	-13,979881369745677	G9VI
-6,094315748733093	7,208943944881905	Z6IV
-22,772502469286653	1,557307378154962	J2VII
-22,641507006820216	1,936808562610705	L1I
-19,4502846608284	0,3614721210777694	N2IV
-21,69172581853605	1,3692624892817011	Z9VII
-7,4555225920022705	7,878613350174655	N1V
-6,94676373777774	5,84323948238855	G2IV
-10,819806477144052	6,8706103339336835	N1VII
23,519443440735436	-14,168621084441105	J4VII
-20,32160088874293	0,35625738258557915	L8I
-22,767848644381385	1,1220350346697885	J2IV
-7,547510129714388	7,284191642105828	Z7II
-19,810507871530938	1,4417896609830634	J3III
-10,168737218253458	6,297780189069561	G3IV
23,964522077087143	-14,22330862125473	Y3VI
-10,611511002335943	6,140734723145599	L4IV
-21,740825731241785	1,0873591915005232	G8I
-9,732772114253477	8,042237449499478	S4V
23,32689922480249	-13,771519852276553	Y7III
21,974707949724714	-14,073956370840094	L1I
-20,588694137619427	0,06370363824547698	J2III
-20,81094995205184	0,08445159571090122	N4VII
-10,688428147829201	7,146652832336427	G4IV
-6,677202781192258	6,422067839044214	N9VI
-7,717546223126126	7,167942133919943	J2VI
-20,607883039005777	1,9763387401513024	S8VI
-7,857373094555067	7,4290516593729095	Y8VI
-10,089862162929757	7,759747717785938	S1IV
-10,203247320267465	6,684415535232375	J5VII
22,5822842895639	-14,045783099175747	S9II
-9,071839648150121	7,081998951699476	S4V
-6,67386953928915	6,533171479039513	Y7IV
23,02934453487987	-14,354820646052568	L7IV
-6,36534015644609	8,289157130439415	S4VI
-8,793188419548883	7,788649472984691	N2VI
-8,841057537645716	7,997252455632861	J8IV
-8,44972691923406	6,566192260412179	N6III
-7,629493475868221	7,373557427365149	N7V
-9,00655025840754	6,565129295400581	N2VII
22,520495451895773	-15,063353309959588	L8III
-22,852960371043178	1,0217097084709956	Y5II
-7,623891572817127	7,5200278234554325	S7I
-8,051905321686519	7,527229719965223	N2III
-10,056426773247603	6,964260885650012	Y1VII
-19,470787883487716	2,0086768556103465	N3I
-19,34246683705685	0,6712965639974378	G9VII
23,063256544549766	-13,721488888243641	Z2I
-6,418185278434298	7,209014676464334	Y8VII
-20,371251366527442	0,7874754894380682	Y7I
-19,42731379401335	-0,053630184739165754	S8II
-8,959871449640366	5,791251176351075	S6I
-20,67203530885055	1,8836708545613294	S2IV
-6,062541965607406	7,126076346832782	Y4I
-9,102334645121477	7,114273097779349	G6V
-8,537315305748722	5,836396306430233	S8V
-18,945776133802912	2,022585192116779	L4III
23,88509558911009	-13,843403219488687	G7V
-10,813642219720299	5,997018714911986	L9I
-7,37154192239969	8,146990480896	S4VII
-10,54516181708168	6,819649291184002	N4VII
22,477676333911077	-15,462697672581806	N2VII
23,717830173322916	-14,873504205022188	N4II
-21,872515734065793	-0,3533096387681856	L1I
-8,191003622443546	6,275618805233002	Y9I
-9,647748646687278	8,283785912255523	J1VII
-6,014344139760975	7,027036728923761	S1V
-20,444955143269155	2,2547676504417984	G5VI
-7,355269233963494	6,344186559199023	Y4I
23,41789991519226	-14,563315035461251	S1IV
-6,509229325556404	6,5984329223550695	N6I
-9,849882927389876	5,848253133052359	Z8I
21,177997091416163	-13,702226448804756	Z1I
-6,225548256166114	7,514084149830122	Y1IV
-9,885194072152578	7,655926847453136	S7IV
-10,479234689377295	7,123230114082738	J6VII
23,38784304191267	-15,647150700214013	S9VI
-7,730466425611912	7,396307726304636	S8IV
-9,285819701481165	5,821717370269891	Y2IV
21,91906771869656	-15,59779285934949	S1I
-7,993190762472242	6,344743040417136	N3I
-6,606553643932844	7,913136961643918	Y8VII
-21,592010665457064	0,557409953162515	Y9VI
-22,21893880014452	0,49185310599290055	J6IV
23,11960991392961	-14,072145028792033	Z8IV
-8,18203058531747	6,167199924123425	N4VI
-6,577615362013348	6,650067363509034	J5V
-6,609871092394155	6,212342058152149	Z2III
-7,535698536335518	8,013998577254519	G2I
-9,524632517362079	8,154542069222083	S7V
-8,649009692929154	8,11714234645006	L8III
-6,25790390790691	6,311470190364945	Y2VII
-6,409675899278679	6,516734621504324	J4VII
-7,232048439733593	7,200140589826605	Z2III
-8,692313607878145	7,480703821335351	Z3VI
-10,655225202068465	7,7649325096938595	L1III
-7,860356282671354	6,965934021144618	G3VII
-9,01977812827764	7,059173645844158	J3IV
-10,382486200964411	5,7849812906430556	S7VI
-22,52163389615505	0,4507761786029475	L6V
-18,875749851260014	1,0261173933195038	G9V
21,262022310519146	-15,25417185094559	N1II
-9,082317205052282	6,290137439340615	S6I
-9,894295858626911	7,401496011603783	N1V
-21,496036237950182	0,3463753476211163	N2II
-19,446014951761217	-0,009826097091109265	Y9II
-21,81565960244143	2,17979226661498	L1VI
-21,489729736574343	-0,13029216835819352	Z9I
-10,059340903324188	7,731779218105702	L7VI
-9,562118038918236	5,899604728022214	S6III
-9,158634156071253	8,268431927278392	Y9VII
21,751081082804973	-14,606334546889226	J8I
-7,762122036053412	7,77530113545132	Y4VII
-9,253814131117085	7,32450390823369	J2VII
-21,481595100604327	1,0879968325608316	Z4II
-18,88718858809296	1,4240946611605292	Y4IV
23,76618018941789	-14,055876440370113	Z9V
-8,484945442485579	5,931358946741904	L8III
-7,637200097322863	6,025524917476588	G7VII
-7,131300840874159	6,643298027158673	Y7VII
-7,125320820901423	7,006293856034059	S4VII
20,584281479291192	-14,698668018508865	L2I
-5,936667372079912	7,656835841334351	Y3III
-8,407953988312578	7,28588281722967	Z2VII
23,74407440988705	-13,948143769447052	N8III
-21,087359456903176	0,14694698370154413	J7II
-8,992648899717453	6,034197809809638	S2I
-7,98312958812555	7,544390971019647	Z8V
-22,012663351963326	0,6545655833548907	S2I
-6,888454575776457	7,263967151035314	J3I
20,88068417889701	-13,63192073060027	Z9II
22,557009697936916	-15,326037851136203	S3VI
-19,66369628073786	1,65233058652676	J6V
-8,660673186745012	8,25758649071846	G3VI
-9,971806422974202	7,392314585246131	Z9VI
-6,149202243909153	7,344867947755871	G1I
22,079383561678604	-14,50991780549307	G5V
-20,617822541345507	1,0487249056364976	L9IV
-9,131590916803004	6,957110165897464	J2V
-6,534143069613352	6,05212987456962	N1IV
21,54095659030745	-14,717264646355535	Y6III
-6,881500732490101	7,269590237771563	Y2I
20,46312267021307	-14,334880319370459	G8II
21,787150767400448	-14,062200712690801	L1VI
-7,534372693137664	7,407025155069944	L8I
-8,96377923728886	7,688680365251551	J2IV
23,053847220677728	-15,150270269738622	Z1V
-21,689878075422588	2,4597633504263676	Z2I
-20,015456633215052	-0,3484213318238744	J8IV
-20,14962666675715	1,769885360329987	S9II
-10,278664502641139	6,047187213782577	Y7VI
-9,221458570540467	6,186686731811157	Y4III
-7,6643253642641955	7,8321812864226725	J3II
-19,313638096204603	2,1946888355519674	L9VII
-5,872988514416311	6,374135939245133	J4I
-18,549497225695834	1,2759431147773446	L4II
-8,4110829500939	7,25901646982505	S2I
-20,177133056469362	2,4480334537676995	Z8III
-10,035268177985227	6,444062646356917	J7VI
-19,809860154115896	-0,2648657700849619	S3V
-7,118624528353251	6,419075649170803	G3IV
22,604587205972862	-15,470668958300443	Z9IV
-19,642240811342464	0,029026315102219424	L9V
-7,232774141592255	6,88207907706094	N6VII
22,086403159194013	-14,273971913317391	G6IV
-10,128405336053493	7,135125442135493	G4III
-8,871785851803441	6,224227896424521	Z6V
-7,684126971661751	5,819120213140243	Y7II
-7,346222254288641	5,760483038045007	J2VI
-6,158881387424632	6,319408352747864	G5VI
23,218280160361534	-14,52132734904006	G5IV
-6,140775176340529	7,091780791242192	Y3V
-10,622473552808792	8,03305542382653	L6V
-19,187790411175662	0,8369278738602903	L4VI
-7,368922240026496	7,710122824610579	Z6VII
-18,87462498723316	-0,02932081577238066	N2II
-19,57333835347652	0,02496129296603833	S9II
-6,421603011196567	6,239177275047153	G6VII
-6,615840875723789	5,840237708665959	J1IV
-7,2213605372273175	6,411935976465408	G2V
-5,89733033971539	7,685315462509063	J3IV
-19,389615894000016	0,5236111543641693	L5I
20,93574821185681	-14,343671304544175	G3I
22,478430372847267	-14,526173135145088	Y6II
-6,222791553273787	6,4122739094070145	J2VII
-19,760573816774205	0,9414215844324756	S9III
-9,450935624825986	6,987486266414005	N9II
-7,186773808083902	7,68929230271259	N2V
23,28203739183507	-14,868020789720395	G1V
-9,00570195501093	6,270239708866949	G1VI
-9,9788938644947	8,06499922290482	L3III
-18,768140261274123	1,2335302416566707	Y8V
-7,685798286748275	6,531311350199347	N8VII
-6,287059541902135	6,971622293497328	Z9VII
-20,29148110243721	0,8401703708073753	J4V
21,24417943470876	-15,584457369565607	N2IV
21,833939649781772	-13,897109715377978	S3VI
-19,13769994121159	1,0633823138773602	L6VI
-9,55180809824693	6,7511983036744825	G6I
-6,499813303453429	5,734685006822573	L4VII
-10,360884589833063	6,964276189371379	S8III
-19,00234692468438	2,2364539954249834	Y1VII
-18,73431102755115	0,6334070592692458	L4II
23,710080850444154	-14,939760889293947	S2III
-7,6197024778107725	6,0799607225899805	G3V
-7,399170984859107	8,105157085014953	G2VI
-5,85287260500349	7,774433059177285	L5III
24,27845188139645	-13,79752626199673	L7VI
-6,8722091209521	7,042369622496249	L8III
-9,174528716947613	6,384820651460463	J1I
24,11319680643076	-13,698672203988288	N1III
-6,740049469600676	7,331745931876583	Z8III
-10,357741333802245	6,184358427774047	G1VII
-6,336449688923611	7,172108745157633	G6II
-18,957626515447707	0,6162538636294959	Z6I
-7,928563182039548	8,06113932877236	Z4VII
-10,394961643541391	7,210414774758963	N4V
-6,579141335645635	6,411938696026793	J3III
-9,04478763980813	8,2628409635687	J6II
-8,17007347952953	7,994932459945785	Y1VII
-20,109520619441973	2,027381771772661	J6VII
-6,05966340476184	8,116042112521148	S6VII
-6,048450246871392	6,733367183927247	G5VI
-8,356709552952042	7,292181320666432	Y8VII
21,007934798609014	-15,397937187643725	L1IV
-7,240676775111785	7,950999761841839	Y1VI
-7,963678609015622	6,957403600627365	S4I
-7,523110480642131	6,215999197778281	L2IV
-18,701596033854095	1,8077012701175261	Y3IV
-6,26087017593159	7,491665023085017	S2VII
-21,641987248110258	-0,04973432159539437	S8I
-9,574672288256735	8,218994346655968	S5VII
-7,268629148504886	6,52075485570748	N8VII
-9,535425251034088	7,194949770919204	N4III
-6,311180549787223	8,278945366199288	Y3V
-9,389640952741813	7,406920739562997	G1II
-21,74567553664889	1,0731302865922967	L9V
-8,933139090232256	7,050638411060002	L5III
22,45684982871434	-15,273171072299172	Z8III
-8,696143923436047	7,096040521514146	G4II
-9,686767704808553	6,787188388936665	Z3VII
20,94104171915733	-13,622139354708871	Y5IV
-9,255910196881878	7,630918790269833	S2VII
23,09191032762527	-15,243823508219322	Y8IV
-19,034348485342075	0,7863650934753075	G9V
-6,626066187992684	6,372233485919573	Y4V
23,664158264801557	-14,106510388475328	S3IV
-20,085470077439766	0,7141683511307331	L9III
-7,004296868863059	7,280331821845023	Z8VII
-19,068057831173764	-0,1383864894786931	N2III
-21,181718543818377	2,2982440871446226	J9I
-9,260969808873028	7,545057193732481	G1I
-9,692415920182073	6,525609378841534	Y1VII
-9,297377741026047	7,9746095874474445	S9III
-8,146128134596196	7,5768496192467945	Z6I
-7,412858746989837	7,166906263039299	J9I
-8,02225335450343	5,88153528030847	L4III
-19,526640473573295	0,09617571345098941	Z1VII
-7,93381785832789	8,035700492026203	S4IV
-7,42264529111071	6,813901018570034	G3III
-6,269204478527674	6,776368945976055	G7VII
-6,158051131142349	6,266179111206795	N2IV
-21,540855443619574	-0,1795937047633207	S9I
-7,848375648144048	5,773236860469806	J7I
-8,57461580544674	7,814109496195805	J8I
-6,15622857603007	6,044280522405574	G6IV
-9,85057663557588	6,855434259365264	N9II
-22,090670349814673	0,4415724097479967	S8II
-6,028484983612883	6,551811003196227	S9IV
22,217893245326042	-14,982676977066896	G6V
-6,590287037676803	6,4434650719430175	J4V
-20,530999787098224	1,5688801864776012	N9II
-9,775116089405099	5,95474581795851	G6V
-8,702418750754966	6,4608070606859025	Y4III
-6,885023041858462	6,886886169130035	Y7VI
-6,153721812376816	7,483202371608899	N7I
-10,289047539804692	6,932683529259448	N1II
-8,873652444848776	6,4874438302385125	L3III
-6,236142744682558	8,142898486882741	G3IV
20,861190867557635	-13,996930541466806	S5III
-9,607694031176562	7,164813750430622	Y5VI
-7,016184578349771	7,917015473247697	Z8II
-20,030939115982314	-0,15093041748400915	G7II
-8,644410031416058	8,134154055668558	Y4V
-22,568349648665034	-0,31207216146570255	N8IV
-8,77935457866368	5,785828036592309	G4I
-20,333215280088645	-0,3365549349122836	Z3II
-9,949848576254928	7,0473507916429075	Y8II
-10,530435755264012	6,6560586397394825	S9VII
-7,728227609402804	5,902302852535489	L6I
-8,771400870445829	7,910160868181927	Y3III
-7,144550632845506	6,048551547540248	Z2III